module name,license,repository
@angular/animations@5.2.11,MIT,https://github.com/angular/angular
@angular/cdk@5.2.5,MIT,https://github.com/angular/material2
@angular/cli@1.5.0,MIT,https://github.com/angular/angular-cli
@angular/common@5.2.11,MIT,https://github.com/angular/angular
@angular/compiler@2.4.10,MIT,https://github.com/angular/angular
@angular/compiler@5.2.11,MIT,https://github.com/angular/angular
@angular/compiler-cli@2.4.10,MIT,https://github.com/angular/angular
@angular/compiler-cli@5.2.11,MIT,https://github.com/angular/angular
@angular/core@2.4.10,MIT,https://github.com/angular/angular
@angular/core@5.2.11,MIT,https://github.com/angular/angular
@angular/forms@5.2.11,MIT,https://github.com/angular/angular
@angular/http@5.2.11,MIT,https://github.com/angular/angular
@angular/language-service@5.2.11,MIT,https://github.com/angular/angular
@angular/material@5.2.5,MIT,https://github.com/angular/material2
@angular/platform-browser@5.2.11,MIT,https://github.com/angular/angular
@angular/platform-browser-dynamic@5.2.11,MIT,https://github.com/angular/angular
@angular/router@5.2.11,MIT,https://github.com/angular/angular
@angular/tsc-wrapped@0.5.2,MIT,https://github.com/angular/angular
@angular-cli/ast-tools@1.0.16,MIT,https://github.com/angular/angular-cli
@angular-cli/base-href-webpack@1.0.16,MIT,https://github.com/angular/angular-cli
@angular-devkit/build-optimizer@0.0.42,MIT,https://github.com/angular/devkit
@angular-devkit/schematics@0.0.52,MIT,https://github.com/angular/devkit
@babel/code-frame@7.16.0,MIT,https://github.com/babel/babel
@babel/helper-validator-identifier@7.15.7,MIT,https://github.com/babel/babel
@babel/highlight@7.16.0,MIT,https://github.com/babel/babel
@ngtools/json-schema@1.1.0,MIT,https://github.com/angular/angular-cli
@ngtools/webpack@1.8.0,MIT,https://github.com/angular/angular-cli
@schematics/angular@0.1.17,MIT,https://github.com/angular/devkit
@types/jasmine@2.5.54,MIT,https://github.com/DefinitelyTyped/DefinitelyTyped
@types/jasminewd2@2.0.8,MIT,https://github.com/DefinitelyTyped/DefinitelyTyped
@types/minimist@1.2.2,MIT,https://github.com/DefinitelyTyped/DefinitelyTyped
@types/node@6.0.118,MIT,https://github.com/DefinitelyTyped/DefinitelyTyped
@types/normalize-package-data@2.4.1,MIT,https://github.com/DefinitelyTyped/DefinitelyTyped
@types/q@0.0.32,MIT,https://github.com/DefinitelyTyped/DefinitelyTyped
@types/selenium-webdriver@2.53.43,MIT,https://github.com/DefinitelyTyped/DefinitelyTyped
abbrev@1.0.9,ISC,https://github.com/isaacs/abbrev-js
abbrev@1.1.1,ISC,https://github.com/isaacs/abbrev-js
accepts@1.3.3,MIT,https://github.com/jshttp/accepts
accepts@1.3.7,MIT,https://github.com/jshttp/accepts
acorn@4.0.13,MIT,https://github.com/ternjs/acorn
acorn@5.7.3,MIT,https://github.com/acornjs/acorn
acorn-dynamic-import@2.0.2,MIT,https://github.com/kesne/acorn-dynamic-import
adm-zip@0.4.13,MIT,https://github.com/cthackers/adm-zip
adm-zip@0.4.4,MIT,https://github.com/cthackers/adm-zip
after@0.8.2,MIT,https://github.com/Raynos/after
agent-base@2.1.1,MIT,https://github.com/TooTallNate/node-agent-base
agent-base@4.2.0,MIT,https://github.com/TooTallNate/node-agent-base
agentkeepalive@3.4.0,MIT,https://github.com/node-modules/agentkeepalive
agentkeepalive@3.4.1,MIT,https://github.com/node-modules/agentkeepalive
ajv@4.11.8,MIT,https://github.com/epoberezkin/ajv
ajv@5.5.2,MIT,https://github.com/epoberezkin/ajv
ajv@6.10.2,MIT,https://github.com/epoberezkin/ajv
ajv@6.12.6,MIT,https://github.com/ajv-validator/ajv
ajv-keywords@1.5.1,MIT,https://github.com/epoberezkin/ajv-keywords
ajv-keywords@2.1.1,MIT,https://github.com/epoberezkin/ajv-keywords
ajv-keywords@3.4.1,MIT,https://github.com/epoberezkin/ajv-keywords
align-text@0.1.4,MIT,https://github.com/jonschlinkert/align-text
alphanum-sort@1.0.2,MIT,https://github.com/TrySound/alphanum-sort
amdefine@1.0.0,BSD-3-Clause AND MIT,https://github.com/jrburke/amdefine
amdefine@1.0.1,BSD-3-Clause OR MIT,https://github.com/jrburke/amdefine
angular2-text-mask@8.0.5,Unlicense,https://github.com/text-mask/text-mask
angular-cli@1.0.0-beta.28.3,MIT,https://github.com/angular/angular-cli
ansi-align@2.0.0,ISC,https://github.com/nexdrew/ansi-align
ansicolors@0.3.2,MIT,https://github.com/thlorenz/ansicolors
ansi-escapes@1.4.0,MIT,https://github.com/sindresorhus/ansi-escapes
ansi-gray@0.1.1,MIT,https://github.com/jonschlinkert/ansi-gray
ansi-html@0.0.7,Apache-2.0,https://github.com/Tjatse/ansi-html
ansi-regex@2.1.1,MIT,https://github.com/chalk/ansi-regex
ansi-regex@3.0.0,MIT,https://github.com/chalk/ansi-regex
ansi-regex@4.1.0,MIT,https://github.com/chalk/ansi-regex
ansistyles@0.1.3,MIT,https://github.com/thlorenz/ansistyles
ansi-styles@2.2.1,MIT,https://github.com/chalk/ansi-styles
ansi-styles@3.2.1,MIT,https://github.com/chalk/ansi-styles
ansi-wrap@0.1.0,MIT,https://github.com/jonschlinkert/ansi-wrap
anymatch@1.3.2,ISC,https://github.com/es128/anymatch
anymatch@2.0.0,ISC,https://github.com/micromatch/anymatch
append-transform@0.4.0,MIT,https://github.com/jamestalmage/append-transform
app-root-path@2.2.1,MIT,https://github.com/inxilpro/node-app-root-path
aproba@1.2.0,ISC,https://github.com/iarna/aproba
archy@1.0.0,MIT,https://github.com/substack/node-archy
are-we-there-yet@1.1.5,ISC,https://github.com/iarna/are-we-there-yet
argparse@1.0.10,MIT,https://github.com/nodeca/argparse
arraybuffer.slice@0.0.6,MIT*,https://github.com/rase-/arraybuffer.slice
array-differ@1.0.0,MIT,https://github.com/sindresorhus/array-differ
array-find-index@1.0.2,MIT,https://github.com/sindresorhus/array-find-index
array-flatten@1.1.1,MIT,https://github.com/blakeembrey/array-flatten
array-flatten@2.1.2,MIT,https://github.com/blakeembrey/array-flatten
array-includes@3.0.3,MIT,https://github.com/ljharb/array-includes
array-slice@0.2.3,MIT,https://github.com/jonschlinkert/array-slice
array-union@1.0.2,MIT,https://github.com/sindresorhus/array-union
array-uniq@1.0.3,MIT,https://github.com/sindresorhus/array-uniq
array-unique@0.2.1,MIT,https://github.com/jonschlinkert/array-unique
array-unique@0.3.2,MIT,https://github.com/jonschlinkert/array-unique
arr-diff@2.0.0,MIT,https://github.com/jonschlinkert/arr-diff
arr-diff@4.0.0,MIT,https://github.com/jonschlinkert/arr-diff
arr-flatten@1.1.0,MIT,https://github.com/jonschlinkert/arr-flatten
arrify@1.0.1,MIT,https://github.com/sindresorhus/arrify
arr-union@3.1.0,MIT,https://github.com/jonschlinkert/arr-union
asap@2.0.5,MIT,https://github.com/kriskowal/asap
asap@2.0.6,MIT,https://github.com/kriskowal/asap
asn1.js@4.10.1,MIT,https://github.com/indutny/asn1.js
asn1@0.2.4,MIT,https://github.com/joyent/node-asn1
assert@1.5.0,MIT,https://github.com/browserify/commonjs-assert
assert-plus@0.2.0,MIT,https://github.com/mcavage/node-assert-plus
assert-plus@1.0.0,MIT,https://github.com/mcavage/node-assert-plus
assign-symbols@1.0.0,MIT,https://github.com/jonschlinkert/assign-symbols
async@0.2.10,MIT,https://github.com/caolan/async
async@0.9.2,MIT,https://github.com/caolan/async
async@1.5.2,MIT,https://github.com/caolan/async
async@2.6.3,MIT,https://github.com/caolan/async
async-each@1.0.3,MIT,https://github.com/paulmillr/async-each
async-foreach@0.1.3,MIT*,https://github.com/cowboy/javascript-sync-async-foreach
asynckit@0.4.0,MIT,https://github.com/alexindigo/asynckit
atob@2.1.2,(MIT OR Apache-2.0),git://git.coolaj86.com/coolaj86/atob.js
autoprefixer@6.7.7,MIT,https://github.com/postcss/autoprefixer
aws4@1.6.0,MIT,https://github.com/mhart/aws4
aws4@1.8.0,MIT,https://github.com/mhart/aws4
aws-sign2@0.6.0,Apache-2.0,https://github.com/mikeal/aws-sign
aws-sign2@0.7.0,Apache-2.0,https://github.com/mikeal/aws-sign
babel-code-frame@6.26.0,MIT,https://github.com/babel/babel/tree/master/packages/babel-code-frame
babel-generator@6.26.1,MIT,https://github.com/babel/babel/tree/master/packages/babel-generator
babel-messages@6.23.0,MIT,https://github.com/babel/babel/tree/master/packages/babel-messages
babel-runtime@6.26.0,MIT,https://github.com/babel/babel/tree/master/packages/babel-runtime
babel-template@6.26.0,MIT,https://github.com/babel/babel/tree/master/packages/babel-template
babel-traverse@6.26.0,MIT,https://github.com/babel/babel/tree/master/packages/babel-traverse
babel-types@6.26.0,MIT,https://github.com/babel/babel/tree/master/packages/babel-types
babylon@6.18.0,MIT,https://github.com/babel/babylon
backo2@1.0.2,MIT,https://github.com/mokesmokes/backo
balanced-match@0.4.2,MIT,https://github.com/juliangruber/balanced-match
balanced-match@1.0.0,MIT,https://github.com/juliangruber/balanced-match
base@0.11.2,MIT,https://github.com/node-base/base
base64-arraybuffer@0.1.5,MIT,https://github.com/niklasvh/base64-arraybuffer
base64id@1.0.0,MIT,https://github.com/faeldt/base64id
base64-js@1.3.1,MIT,https://github.com/beatgammit/base64-js
batch@0.6.1,MIT,https://github.com/visionmedia/batch
bcrypt-pbkdf@1.0.2,BSD-3-Clause,https://github.com/joyent/node-bcrypt-pbkdf
beeper@1.1.1,MIT,https://github.com/sindresorhus/beeper
better-assert@1.0.2,MIT*,https://github.com/visionmedia/better-assert
big.js@3.2.0,MIT,https://github.com/MikeMcl/big.js
big.js@5.2.2,MIT,https://github.com/MikeMcl/big.js
binary-extensions@1.13.1,MIT,https://github.com/sindresorhus/binary-extensions
bin-links@1.1.0,Artistic-2.0,https://github.com/npm/bin-links
blob@0.0.4,MIT*,https://github.com/rase-/blob
blocking-proxy@0.0.5,MIT,https://github.com/angular/jasminewd
block-stream@0.0.9,ISC,https://github.com/isaacs/block-stream
bluebird@3.5.1,MIT,https://github.com/petkaantonov/bluebird
bluebird@3.5.5,MIT,https://github.com/petkaantonov/bluebird
bn.js@4.11.8,MIT,https://github.com/indutny/bn.js
body-parser@1.19.0,MIT,https://github.com/expressjs/body-parser
bonjour@3.5.0,MIT,https://github.com/watson/bonjour
boolbase@1.0.0,ISC,https://github.com/fb55/boolbase
boom@2.10.1,BSD-3-Clause,https://github.com/hapijs/boom
boom@4.3.1,BSD-3-Clause,https://github.com/hapijs/boom
boom@5.2.0,BSD-3-Clause,https://github.com/hapijs/boom
boxen@1.3.0,MIT,https://github.com/sindresorhus/boxen
brace-expansion@1.1.11,MIT,https://github.com/juliangruber/brace-expansion
braces@0.1.5,MIT,https://github.com/jonschlinkert/braces
braces@1.8.5,MIT,https://github.com/jonschlinkert/braces
braces@2.3.2,MIT,https://github.com/micromatch/braces
brorand@1.1.0,MIT,https://github.com/indutny/brorand
browserify-aes@1.2.0,MIT,https://github.com/crypto-browserify/browserify-aes
browserify-cipher@1.0.1,MIT,https://github.com/crypto-browserify/browserify-cipher
browserify-des@1.0.2,MIT,https://github.com/crypto-browserify/browserify-des
browserify-rsa@4.0.1,MIT,https://github.com/crypto-browserify/browserify-rsa
browserify-sign@4.0.4,ISC,https://github.com/crypto-browserify/browserify-sign
browserify-zlib@0.2.0,MIT,https://github.com/devongovett/browserify-zlib
browserslist@1.7.7,MIT,https://github.com/ai/browserslist
buffer@4.9.1,MIT,https://github.com/feross/buffer
buffer-alloc@1.2.0,MIT,https://github.com/LinusU/buffer-alloc
buffer-alloc-unsafe@1.1.0,MIT,https://github.com/LinusU/buffer-alloc-unsafe
buffer-fill@1.0.0,MIT,https://github.com/LinusU/buffer-fill
buffer-from@1.1.1,MIT,https://github.com/LinusU/buffer-from
buffer-indexof@1.1.1,MIT,https://github.com/soldair/node-buffer-indexof
buffer-xor@1.0.3,MIT,https://github.com/crypto-browserify/buffer-xor
builtin-modules@1.1.1,MIT,https://github.com/sindresorhus/builtin-modules
builtins@1.0.3,MIT,https://github.com/juliangruber/builtins
builtin-status-codes@3.0.0,MIT,https://github.com/bendrucker/builtin-status-codes
byline@5.0.0,MIT,https://github.com/jahewson/node-byline
bytes@3.0.0,MIT,https://github.com/visionmedia/bytes.js
bytes@3.1.0,MIT,https://github.com/visionmedia/bytes.js
byte-size@4.0.2,MIT,https://github.com/75lb/byte-size
cacache@10.0.4,ISC,https://github.com/zkat/cacache
cache-base@1.0.1,MIT,https://github.com/jonschlinkert/cache-base
call-limit@1.1.0,ISC,https://github.com/iarna/call-limit
callsite@1.0.0,MIT*,
camelcase@1.2.1,MIT,https://github.com/sindresorhus/camelcase
camelcase@2.1.1,MIT,https://github.com/sindresorhus/camelcase
camelcase@3.0.0,MIT,https://github.com/sindresorhus/camelcase
camel-case@3.0.0,MIT,https://github.com/blakeembrey/camel-case
camelcase@4.1.0,MIT,https://github.com/sindresorhus/camelcase
camelcase@5.3.1,MIT,https://github.com/sindresorhus/camelcase
camelcase-keys@2.1.0,MIT,https://github.com/sindresorhus/camelcase-keys
camelcase-keys@6.2.2,MIT,https://github.com/sindresorhus/camelcase-keys
caniuse-api@1.6.1,MIT,https://github.com/nyalab/caniuse-api
caniuse-db@1.0.30000989,CC-BY-4.0,https://github.com/Fyrd/caniuse
capture-stack-trace@1.0.0,MIT,https://github.com/floatdrop/capture-stack-trace
caseless@0.12.0,Apache-2.0,https://github.com/mikeal/caseless
center-align@0.1.3,MIT,https://github.com/jonschlinkert/center-align
chalk@1.1.3,MIT,https://github.com/chalk/chalk
chalk@2.2.2,MIT,https://github.com/chalk/chalk
chalk@2.4.1,MIT,https://github.com/chalk/chalk
chalk@2.4.2,MIT,https://github.com/chalk/chalk
charenc@0.0.2,BSD-3-Clause,https://github.com/pvorb/node-charenc
chokidar@1.7.0,MIT,https://github.com/paulmillr/chokidar
chokidar@2.1.6,MIT,https://github.com/paulmillr/chokidar
chownr@1.0.1,ISC,https://github.com/isaacs/chownr
chownr@1.1.2,ISC,https://github.com/isaacs/chownr
chownr@2.0.0,ISC,https://github.com/isaacs/chownr
cidr-regex@1.0.6,MIT,https://github.com/flipjs/cidr-regex
ci-info@1.1.3,MIT,https://github.com/watson/ci-info
cipher-base@1.0.4,MIT,https://github.com/crypto-browserify/cipher-base
circular-dependency-plugin@3.0.0,ISC,https://github.com/aackerman/circular-dependency-plugin
clap@1.2.3,MIT,https://github.com/lahmatiy/clap
classlist.js@1.1.20150312,Public Domain,https://github.com/eligrey/classList.js
class-utils@0.3.6,MIT,https://github.com/jonschlinkert/class-utils
clean-css@4.2.1,MIT,https://github.com/jakubpawlowicz/clean-css
cli-boxes@1.0.0,MIT,https://github.com/sindresorhus/cli-boxes
cli-columns@3.1.2,MIT,https://github.com/shannonmoeller/cli-columns
cli-cursor@1.0.2,MIT,https://github.com/sindresorhus/cli-cursor
cli-spinners@0.1.2,MIT,https://github.com/sindresorhus/cli-spinners
cli-table2@0.2.0,MIT,https://github.com/jamestalmage/cli-table2
cliui@2.1.0,ISC,https://github.com/bcoe/cliui
cliui@3.2.0,ISC,https://github.com/yargs/cliui
cliui@4.1.0,ISC,https://github.com/yargs/cliui
cliui@5.0.0,ISC,https://github.com/yargs/cliui
cli-width@2.2.0,ISC,https://github.com/knownasilya/cli-width
clone@1.0.2,MIT,https://github.com/pvorb/node-clone
clone@1.0.4,MIT,https://github.com/pvorb/node-clone
clone@2.1.2,MIT,https://github.com/pvorb/node-clone
clone-deep@2.0.2,MIT,https://github.com/jonschlinkert/clone-deep
clone-stats@0.0.1,MIT,https://github.com/hughsk/clone-stats
cmd-shim@2.0.2,BSD-2-Clause,https://github.com/ForbesLindesay/cmd-shim
co@4.6.0,MIT,https://github.com/tj/co
coa@1.0.4,MIT,https://github.com/veged/coa
codelyzer@3.2.2,MIT,https://github.com/mgechev/codelyzer
code-point-at@1.1.0,MIT,https://github.com/sindresorhus/code-point-at
collection-visit@1.0.0,MIT,https://github.com/jonschlinkert/collection-visit
color@0.11.4,MIT,https://github.com/Qix-/color
color-convert@1.9.3,MIT,https://github.com/Qix-/color-convert
colormin@1.1.2,MIT,https://github.com/ben-eb/colormin
color-name@1.1.3,MIT,https://github.com/dfcreative/color-name
colors@0.6.2,Custom,https://github.com/Marak/colors.js
colors@1.1.2,MIT,https://github.com/Marak/colors.js
color-string@0.3.0,MIT,https://github.com/harthur/color-string
color-support@1.1.3,ISC,https://github.com/isaacs/color-support
columnify@1.5.4,MIT,https://github.com/timoxley/columnify
combined-stream@1.0.6,MIT,https://github.com/felixge/node-combined-stream
combined-stream@1.0.8,MIT,https://github.com/felixge/node-combined-stream
combine-lists@1.0.1,MIT,https://github.com/sjelin/combine-lists
commander@2.1.0,MIT*,https://github.com/visionmedia/commander.js
commander@2.13.0,MIT,https://github.com/tj/commander.js
commander@2.17.1,MIT,https://github.com/tj/commander.js
commander@2.19.0,MIT,https://github.com/tj/commander.js
commondir@1.0.1,MIT,https://github.com/substack/node-commondir
common-tags@1.8.0,MIT,https://github.com/declandewet/common-tags
component-bind@1.0.0,MIT*,https://github.com/component/bind
component-emitter@1.1.2,MIT*,https://github.com/component/emitter
component-emitter@1.2.1,MIT,https://github.com/component/emitter
component-emitter@1.3.0,MIT,https://github.com/component/emitter
component-inherit@0.0.3,MIT*,https://github.com/component/inherit
compressible@2.0.17,MIT,https://github.com/jshttp/compressible
compression@1.7.4,MIT,https://github.com/expressjs/compression
concat-map@0.0.1,MIT,https://github.com/substack/node-concat-map
concat-stream@1.6.1,MIT,https://github.com/maxogden/concat-stream
concat-stream@1.6.2,MIT,https://github.com/maxogden/concat-stream
config-chain@1.1.11,MIT,https://github.com/dominictarr/config-chain
configstore@3.1.2,BSD-2-Clause,https://github.com/yeoman/configstore
connect@3.7.0,MIT,https://github.com/senchalabs/connect
connect-history-api-fallback@1.6.0,MIT,https://github.com/bripkens/connect-history-api-fallback
console-browserify@1.1.0,MIT,https://github.com/Raynos/console-browserify
console-control-strings@1.1.0,ISC,https://github.com/iarna/console-control-strings
constants-browserify@1.0.0,MIT,https://github.com/juliangruber/constants-browserify
content-disposition@0.5.3,MIT,https://github.com/jshttp/content-disposition
content-type@1.0.4,MIT,https://github.com/jshttp/content-type
convert-source-map@1.6.0,MIT,https://github.com/thlorenz/convert-source-map
cookie@0.3.1,MIT,https://github.com/jshttp/cookie
cookie@0.4.0,MIT,https://github.com/jshttp/cookie
cookie-signature@1.0.6,MIT,https://github.com/visionmedia/node-cookie-signature
copy-concurrently@1.0.5,ISC,https://github.com/npm/copy-concurrently
copy-descriptor@0.1.1,MIT,https://github.com/jonschlinkert/copy-descriptor
copy-webpack-plugin@4.6.0,MIT,https://github.com/webpack-contrib/copy-webpack-plugin
core-js@2.6.11,MIT,https://github.com/zloirock/core-js
core-object@3.1.5,MIT,https://github.com/ember-cli/core-object
core-util-is@1.0.2,MIT,https://github.com/isaacs/core-util-is
cosmiconfig@2.2.2,MIT,https://github.com/davidtheclark/cosmiconfig
create-ecdh@4.0.3,MIT,https://github.com/crypto-browserify/createECDH
create-error-class@3.0.2,MIT,https://github.com/floatdrop/create-error-class
create-hash@1.2.0,MIT,https://github.com/crypto-browserify/createHash
create-hmac@1.1.7,MIT,https://github.com/crypto-browserify/createHmac
cross-spawn@3.0.1,MIT,https://github.com/IndigoUnited/node-cross-spawn
cross-spawn@5.1.0,MIT,https://github.com/IndigoUnited/node-cross-spawn
cross-spawn@7.0.3,MIT,https://github.com/moxystudio/node-cross-spawn
crypt@0.0.2,BSD-3-Clause,https://github.com/pvorb/node-crypt
cryptiles@2.0.5,BSD-3-Clause,https://github.com/hapijs/cryptiles
cryptiles@3.1.2,BSD-3-Clause,https://github.com/hapijs/cryptiles
crypto-browserify@3.12.0,MIT,https://github.com/crypto-browserify/crypto-browserify
crypto-random-string@1.0.0,MIT,https://github.com/sindresorhus/crypto-random-string
css@2.2.4,MIT,https://github.com/reworkcss/css
cssauron@1.4.0,MIT,https://github.com/chrisdickinson/cssauron
css-color-names@0.0.4,MIT,https://github.com/bahamas10/css-color-names
cssesc@0.1.0,MIT,https://github.com/mathiasbynens/cssesc
css-loader@0.26.4,MIT,https://github.com/webpack/css-loader
css-loader@0.28.11,MIT,https://github.com/webpack-contrib/css-loader
cssnano@3.10.0,MIT,https://github.com/ben-eb/cssnano
csso@2.3.2,MIT,https://github.com/css/csso
css-parse@2.0.0,MIT,https://github.com/reworkcss/css-parse
css-select@1.2.0,BSD*,https://github.com/fb55/css-select
css-selector-tokenizer@0.7.1,MIT,https://github.com/css-modules/css-selector-tokenizer
css-what@2.1.3,BSD-2-Clause,https://github.com/fb55/css-what
currently-unhandled@0.4.1,MIT,https://github.com/jamestalmage/currently-unhandled
custom-event@1.0.1,MIT,https://github.com/webmodules/custom-event
cyclist@0.2.2,MIT*,https://github.com/mafintosh/cyclist
d@1.0.1,ISC,https://github.com/medikoo/d
dashdash@1.14.1,MIT,https://github.com/trentm/node-dashdash
dateformat@1.0.12,MIT,https://github.com/felixge/node-dateformat
date-now@0.1.4,MIT,https://github.com/Colingo/date-now
debug@2.2.0,MIT,https://github.com/visionmedia/debug
debug@2.3.3,MIT,https://github.com/visionmedia/debug
debug@2.6.9,MIT,https://github.com/visionmedia/debug
debug@3.1.0,MIT,https://github.com/visionmedia/debug
debug@3.2.6,MIT,https://github.com/visionmedia/debug
debuglog@1.0.1,MIT,https://github.com/sam-github/node-debuglog
decamelize@1.2.0,MIT,https://github.com/sindresorhus/decamelize
decamelize-keys@1.1.0,MIT,https://github.com/dsblv/decamelize-keys
decode-uri-component@0.2.0,MIT,https://github.com/SamVerschueren/decode-uri-component
deep-equal@1.0.1,MIT,https://github.com/substack/node-deep-equal
deep-extend@0.5.1,MIT,https://github.com/unclechu/node-deep-extend
deep-is@0.1.3,MIT,https://github.com/thlorenz/deep-is
default-require-extensions@1.0.0,MIT,https://github.com/jamestalmage/default-require-extensions
defaults@1.0.3,MIT,https://github.com/tmpvar/defaults
defined@1.0.0,MIT,https://github.com/substack/defined
define-properties@1.1.3,MIT,https://github.com/ljharb/define-properties
define-property@0.2.5,MIT,https://github.com/jonschlinkert/define-property
define-property@1.0.0,MIT,https://github.com/jonschlinkert/define-property
define-property@2.0.2,MIT,https://github.com/jonschlinkert/define-property
del@2.2.2,MIT,https://github.com/sindresorhus/del
del@3.0.0,MIT,https://github.com/sindresorhus/del
delayed-stream@1.0.0,MIT,https://github.com/felixge/node-delayed-stream
delegates@1.0.0,MIT,https://github.com/visionmedia/node-delegates
denodeify@1.2.1,MIT,https://github.com/matthew-andrews/denodeify
depd@1.1.2,MIT,https://github.com/dougwilson/nodejs-depd
des.js@1.0.0,MIT,https://github.com/indutny/des.js
destroy@1.0.4,MIT,https://github.com/stream-utils/destroy
detect-indent@4.0.0,MIT,https://github.com/sindresorhus/detect-indent
detect-indent@5.0.0,MIT,https://github.com/sindresorhus/detect-indent
detect-newline@2.1.0,MIT,https://github.com/sindresorhus/detect-newline
detect-node@2.0.4,ISC,https://github.com/iliakan/detect-node
dezalgo@1.0.3,ISC,https://github.com/npm/dezalgo
di@0.0.1,MIT,https://github.com/vojtajina/node-di
diff@2.2.3,BSD-3-Clause,https://github.com/kpdecker/jsdiff
diff@3.5.0,BSD-3-Clause,https://github.com/kpdecker/jsdiff
diffie-hellman@5.0.3,MIT,https://github.com/crypto-browserify/diffie-hellman
directory-encoder@0.7.2,MIT,https://github.com/filamentgroup/directory-encoder
dir-glob@2.2.2,MIT,https://github.com/kevva/dir-glob
dns-equal@1.0.0,MIT,https://github.com/watson/dns-equal
dns-packet@1.3.1,MIT,https://github.com/mafintosh/dns-packet
dns-txt@2.0.2,MIT,https://github.com/watson/dns-txt
domain-browser@1.2.0,MIT,https://github.com/bevry/domain-browser
dom-converter@0.2.0,MIT,https://github.com/AriaMinaei/dom-converter
domelementtype@1.3.1,BSD-2-Clause,https://github.com/fb55/domelementtype
domelementtype@2.0.1,BSD-2-Clause,https://github.com/fb55/domelementtype
domhandler@2.4.2,BSD-2-Clause,https://github.com/fb55/DomHandler
dom-serialize@2.2.1,MIT,https://github.com/webmodules/dom-serialize
dom-serializer@0.2.1,MIT,https://github.com/cheeriojs/dom-renderer
domutils@1.5.1,BSD*,https://github.com/FB55/domutils
dotenv@5.0.1,BSD-2-Clause,https://github.com/motdotla/dotenv
dot-prop@4.2.0,MIT,https://github.com/sindresorhus/dot-prop
duplexer2@0.0.2,BSD*,https://github.com/deoxxa/duplexer2
duplexer3@0.1.4,BSD-3-Clause,https://github.com/floatdrop/duplexer3
duplexify@3.5.4,MIT,https://github.com/mafintosh/duplexify
duplexify@3.7.1,MIT,https://github.com/mafintosh/duplexify
ecc-jsbn@0.1.2,MIT,https://github.com/quartzjer/ecc-jsbn
editor@1.0.0,MIT,https://github.com/substack/node-editor
ee-first@1.1.1,MIT,https://github.com/jonathanong/ee-first
ejs@2.6.2,Apache-2.0,https://github.com/mde/ejs
electron-to-chromium@1.3.236,ISC,https://github.com/kilian/electron-to-chromium
elliptic@6.5.0,MIT,https://github.com/indutny/elliptic
ember-cli-normalize-entity-name@1.0.0,ISC,https://github.com/ember-cli/ember-cli
ember-cli-string-utils@1.1.0,ISC,https://github.com/ember-cli/ember-cli-string-utils
emoji-regex@7.0.3,MIT,https://github.com/mathiasbynens/emoji-regex
emojis-list@2.1.0,MIT,https://github.com/kikobeats/emojis-list
encodeurl@1.0.2,MIT,https://github.com/pillarjs/encodeurl
encoding@0.1.12,MIT,https://github.com/andris9/encoding
end-of-stream@1.4.1,MIT,https://github.com/mafintosh/end-of-stream
engine.io@1.8.3,MIT,https://github.com/socketio/engine.io
engine.io-client@1.8.3,MIT,https://github.com/socketio/engine.io-client
engine.io-parser@1.3.2,MIT,https://github.com/socketio/engine.io-parser
enhanced-resolve@3.4.1,MIT,https://github.com/webpack/enhanced-resolve
ensure-posix-path@1.1.1,ISC,https://github.com/stefanpenner/ensure-posix-path
ent@2.2.0,MIT,https://github.com/substack/node-ent
entities@1.1.2,BSD-2-Clause,https://github.com/fb55/entities
entities@2.0.0,BSD-2-Clause,https://github.com/fb55/entities
env-paths@2.2.0,MIT,https://github.com/sindresorhus/env-paths
err-code@1.1.2,MIT,https://github.com/IndigoUnited/js-err-code
errno@0.1.7,MIT,https://github.com/rvagg/node-errno
error-ex@1.3.2,MIT,https://github.com/qix-/node-error-ex
es5-ext@0.10.50,ISC,https://github.com/medikoo/es5-ext
es6-iterator@2.0.3,MIT,https://github.com/medikoo/es6-iterator
es6-map@0.1.5,MIT,https://github.com/medikoo/es6-map
es6-promise@4.2.4,MIT,https://github.com/stefanpenner/es6-promise
es6-promisify@5.0.0,MIT,https://github.com/digitaldesignlabs/es6-promisify
es6-set@0.1.5,MIT,https://github.com/medikoo/es6-set
es6-symbol@3.1.1,MIT,https://github.com/medikoo/es6-symbol
es6-weak-map@2.0.3,ISC,https://github.com/medikoo/es6-weak-map
es-abstract@1.13.0,MIT,https://github.com/ljharb/es-abstract
escape-html@1.0.3,MIT,https://github.com/component/escape-html
escape-string-regexp@1.0.5,MIT,https://github.com/sindresorhus/escape-string-regexp
escodegen@1.8.1,BSD-2-Clause,https://github.com/estools/escodegen
escope@3.6.0,BSD-2-Clause,https://github.com/estools/escope
esprima@2.7.3,BSD-2-Clause,https://github.com/jquery/esprima
esrecurse@4.2.1,BSD-2-Clause,https://github.com/estools/esrecurse
es-to-primitive@1.2.0,MIT,https://github.com/ljharb/es-to-primitive
estraverse@1.9.3,BSD,https://github.com/estools/estraverse
estraverse@4.3.0,BSD-2-Clause,https://github.com/estools/estraverse
esutils@2.0.3,BSD-2-Clause,https://github.com/estools/esutils
etag@1.8.1,MIT,https://github.com/jshttp/etag
event-emitter@0.3.5,MIT,https://github.com/medikoo/event-emitter
eventemitter3@3.1.2,MIT,https://github.com/primus/eventemitter3
events@3.0.0,MIT,https://github.com/Gozala/events
eventsource@0.1.6,MIT,https://github.com/aslakhellesoy/eventsource-node
evp_bytestokey@1.0.3,MIT,https://github.com/crypto-browserify/EVP_BytesToKey
execa@0.7.0,MIT,https://github.com/sindresorhus/execa
exists-sync@0.0.3,ISC,https://github.com/ember-cli/exists-sync
exit@0.1.2,MIT,https://github.com/cowboy/node-exit
exit-hook@1.1.1,MIT,https://github.com/sindresorhus/exit-hook
expand-braces@0.1.2,MIT,https://github.com/jonschlinkert/expand-braces
expand-brackets@0.1.5,MIT,https://github.com/jonschlinkert/expand-brackets
expand-brackets@2.1.4,MIT,https://github.com/jonschlinkert/expand-brackets
expand-range@0.1.1,MIT,https://github.com/jonschlinkert/expand-range
expand-range@1.8.2,MIT,https://github.com/jonschlinkert/expand-range
exports-loader@0.6.4,MIT,https://github.com/webpack/exports-loader
express@4.17.1,MIT,https://github.com/expressjs/express
extend@3.0.1,MIT,https://github.com/justmoon/node-extend
extend@3.0.2,MIT,https://github.com/justmoon/node-extend
extend-shallow@2.0.1,MIT,https://github.com/jonschlinkert/extend-shallow
extend-shallow@3.0.2,MIT,https://github.com/jonschlinkert/extend-shallow
extglob@0.3.2,MIT,https://github.com/jonschlinkert/extglob
extglob@2.0.4,MIT,https://github.com/micromatch/extglob
extract-text-webpack-plugin@2.0.0-rc.3,MIT,https://github.com/webpack/extract-text-webpack-plugin
extract-text-webpack-plugin@3.0.0,MIT,https://github.com/webpack-contrib/extract-text-webpack-plugin
extsprintf@1.3.0,MIT,https://github.com/davepacheco/node-extsprintf
fancy-log@1.3.3,MIT,https://github.com/gulpjs/fancy-log
fast-deep-equal@1.1.0,MIT,https://github.com/epoberezkin/fast-deep-equal
fast-deep-equal@2.0.1,MIT,https://github.com/epoberezkin/fast-deep-equal
fast-deep-equal@3.1.3,MIT,https://github.com/epoberezkin/fast-deep-equal
fast-json-stable-stringify@2.0.0,MIT,https://github.com/epoberezkin/fast-json-stable-stringify
fast-levenshtein@2.0.6,MIT,https://github.com/hiddentao/fast-levenshtein
fastparse@1.1.2,MIT,https://github.com/webpack/fastparse
faye-websocket@0.10.0,MIT,https://github.com/faye/faye-websocket-node
faye-websocket@0.11.3,Apache-2.0,https://github.com/faye/faye-websocket-node
figgy-pudding@2.0.1,ISC,https://github.com/zkat/figgy-pudding
figures@1.7.0,MIT,https://github.com/sindresorhus/figures
file-loader@0.8.5,MIT,https://github.com/webpack/file-loader
file-loader@1.1.11,MIT,https://github.com/webpack/file-loader
filename-regex@2.0.1,MIT,https://github.com/regexhq/filename-regex
file-saver@1.3.8,MIT,https://github.com/eligrey/FileSaver.js
fileset@0.2.1,MIT,https://github.com/mklabs/node-fileset
fileset@2.0.3,MIT,https://github.com/mklabs/node-fileset
fill-range@2.2.4,MIT,https://github.com/jonschlinkert/fill-range
fill-range@4.0.0,MIT,https://github.com/jonschlinkert/fill-range
finalhandler@1.1.2,MIT,https://github.com/pillarjs/finalhandler
find-cache-dir@1.0.0,MIT,https://github.com/avajs/find-cache-dir
find-npm-prefix@1.0.2,ISC,https://github.com/npm/find-npm-prefix
findup@0.1.5,MIT,https://github.com/Filirom1/findup
find-up@1.1.2,MIT,https://github.com/sindresorhus/find-up
find-up@2.1.0,MIT*,https://github.com/sindresorhus/find-up
find-up@3.0.0,MIT,https://github.com/sindresorhus/find-up
find-up@4.1.0,MIT,https://github.com/sindresorhus/find-up
flatten@1.0.2,MIT,https://github.com/jesusabdullah/node-flatten
flush-write-stream@1.0.2,MIT,https://github.com/mafintosh/flush-write-stream
flush-write-stream@1.1.1,MIT,https://github.com/mafintosh/flush-write-stream
follow-redirects@1.7.0,MIT,https://github.com/follow-redirects/follow-redirects
forever-agent@0.6.1,Apache-2.0,https://github.com/mikeal/forever-agent
for-in@0.1.8,MIT,https://github.com/jonschlinkert/for-in
for-in@1.0.2,MIT,https://github.com/jonschlinkert/for-in
form-data@2.1.4,MIT,https://github.com/form-data/form-data
form-data@2.3.2,MIT,https://github.com/form-data/form-data
form-data@2.3.3,MIT,https://github.com/form-data/form-data
for-own@0.1.5,MIT,https://github.com/jonschlinkert/for-own
for-own@1.0.0,MIT,https://github.com/jonschlinkert/for-own
forwarded@0.1.2,MIT,https://github.com/jshttp/forwarded
fragment-cache@0.2.1,MIT,https://github.com/jonschlinkert/fragment-cache
fresh@0.5.2,MIT,https://github.com/jshttp/fresh
from2@1.3.0,MIT,https://github.com/hughsk/from2
from2@2.3.0,MIT,https://github.com/hughsk/from2
fs.realpath@1.0.0,ISC,https://github.com/isaacs/fs.realpath
fs-access@1.0.1,MIT,https://github.com/sindresorhus/fs-access
fs-extra@0.23.1,MIT,https://github.com/jprichardson/node-fs-extra
fs-extra@0.30.0,MIT,https://github.com/jprichardson/node-fs-extra
fs-extra@4.0.3,MIT,https://github.com/jprichardson/node-fs-extra
fs-minipass@1.2.5,ISC,https://github.com/npm/fs-minipass
fs-minipass@2.1.0,ISC,https://github.com/npm/fs-minipass
fstream@1.0.11,ISC,https://github.com/npm/fstream
fstream@1.0.12,ISC,https://github.com/npm/fstream
fs-vacuum@1.2.10,ISC,https://github.com/npm/fs-vacuum
fs-write-stream-atomic@1.0.10,ISC,https://github.com/npm/fs-write-stream-atomic
function-bind@1.1.1,MIT,https://github.com/Raynos/function-bind
gauge@2.7.4,ISC,https://github.com/iarna/gauge
gaze@1.1.3,MIT,https://github.com/shama/gaze
genfun@4.0.1,CC0-1.0,https://github.com/zkat/genfun
gentle-fs@2.0.1,Artistic-2.0,https://github.com/npm/gentle-fs
get-caller-file@1.0.2,Custom,https://github.com/stefanpenner/get-caller-file
get-caller-file@1.0.3,ISC,https://github.com/stefanpenner/get-caller-file
get-caller-file@2.0.5,ISC,https://github.com/stefanpenner/get-caller-file
getpass@0.1.7,MIT,https://github.com/arekinath/node-getpass
get-stdin@4.0.1,MIT,https://github.com/sindresorhus/get-stdin
get-stream@3.0.0,MIT,https://github.com/sindresorhus/get-stream
get-value@2.0.6,MIT,https://github.com/jonschlinkert/get-value
glob@5.0.15,ISC,https://github.com/isaacs/node-glob
glob@7.1.2,ISC,https://github.com/isaacs/node-glob
glob@7.1.4,ISC,https://github.com/isaacs/node-glob
global-dirs@0.1.1,MIT,https://github.com/sindresorhus/global-dirs
globals@9.18.0,MIT,https://github.com/sindresorhus/globals
glob-base@0.3.0,MIT,https://github.com/jonschlinkert/glob-base
globby@5.0.0,MIT,https://github.com/sindresorhus/globby
globby@6.1.0,MIT,https://github.com/sindresorhus/globby
globby@7.1.1,MIT,https://github.com/sindresorhus/globby
glob-parent@2.0.0,ISC,https://github.com/es128/glob-parent
glob-parent@3.1.0,ISC,https://github.com/es128/glob-parent
globule@1.3.2,MIT,https://github.com/cowboy/node-globule
glogg@1.0.2,MIT,https://github.com/gulpjs/glogg
got@6.7.1,MIT,https://github.com/sindresorhus/got
graceful-fs@4.1.11,ISC,https://github.com/isaacs/node-graceful-fs
graceful-fs@4.2.2,ISC,https://github.com/isaacs/node-graceful-fs
graceful-fs@4.2.6,ISC,https://github.com/isaacs/node-graceful-fs
gulplog@1.0.0,MIT,https://github.com/gulpjs/gulplog
gulp-util@3.0.7,MIT,https://github.com/gulpjs/gulp-util
hammerjs@2.0.8,MIT,https://github.com/hammerjs/hammer.js
handlebars@1.3.0,MIT,https://github.com/wycats/handlebars.js
handlebars@4.1.2,MIT,https://github.com/wycats/handlebars.js
handlebars@4.7.2,MIT,https://github.com/wycats/handlebars.js
handle-thing@1.2.5,MIT,https://github.com/indutny/handle-thing
hard-rejection@2.1.0,MIT,https://github.com/sindresorhus/hard-rejection
har-schema@1.0.5,ISC,https://github.com/ahmadnassri/har-schema
har-schema@2.0.0,ISC,https://github.com/ahmadnassri/har-schema
har-validator@4.2.1,ISC,https://github.com/ahmadnassri/har-validator
har-validator@5.0.3,ISC,https://github.com/ahmadnassri/har-validator
har-validator@5.1.3,MIT,https://github.com/ahmadnassri/node-har-validator
har-validator@5.1.5,MIT,https://github.com/ahmadnassri/node-har-validator
has@1.0.3,MIT,https://github.com/tarruda/has
has-ansi@2.0.0,MIT,https://github.com/sindresorhus/has-ansi
has-binary@0.1.7,MIT,
has-cors@1.1.0,MIT,https://github.com/component/has-cors
has-flag@1.0.0,MIT,https://github.com/sindresorhus/has-flag
has-flag@2.0.0,MIT,https://github.com/sindresorhus/has-flag
has-flag@3.0.0,MIT,https://github.com/sindresorhus/has-flag
has-gulplog@0.1.0,MIT,https://github.com/gulpjs/has-gulplog
hash.js@1.1.7,MIT,https://github.com/indutny/hash.js
hash-base@3.0.4,MIT,https://github.com/crypto-browserify/hash-base
has-symbols@1.0.0,MIT,https://github.com/ljharb/has-symbols
has-unicode@2.0.1,ISC,https://github.com/iarna/has-unicode
has-value@0.3.1,MIT,https://github.com/jonschlinkert/has-value
has-value@1.0.0,MIT,https://github.com/jonschlinkert/has-value
has-values@0.1.4,MIT,https://github.com/jonschlinkert/has-values
has-values@1.0.0,MIT,https://github.com/jonschlinkert/has-values
hawk@3.1.3,BSD-3-Clause,https://github.com/hueniverse/hawk
hawk@6.0.2,BSD-3-Clause,https://github.com/hueniverse/hawk
he@1.2.0,MIT,https://github.com/mathiasbynens/he
hmac-drbg@1.0.1,MIT,https://github.com/indutny/hmac-drbg
hoek@2.16.3,BSD-3-Clause,https://github.com/hapijs/hoek
hoek@4.2.1,BSD-3-Clause,https://github.com/hapijs/hoek
homedir-polyfill@1.0.3,MIT,https://github.com/doowb/homedir-polyfill
hosted-git-info@2.6.0,ISC,https://github.com/npm/hosted-git-info
hosted-git-info@2.8.4,ISC,https://github.com/npm/hosted-git-info
hosted-git-info@2.8.9,ISC,https://github.com/npm/hosted-git-info
hosted-git-info@4.0.2,ISC,https://github.com/npm/hosted-git-info
hpack.js@2.1.6,MIT,https://github.com/indutny/hpack.js
html-comment-regex@1.1.2,MIT,https://github.com/stevemao/html-comment-regex
html-entities@1.2.1,MIT,https://github.com/mdevils/node-html-entities
html-minifier@3.5.21,MIT,https://github.com/kangax/html-minifier
htmlparser2@3.10.1,MIT,https://github.com/fb55/htmlparser2
html-webpack-plugin@2.30.1,MIT,https://github.com/jantimon/html-webpack-plugin
http-cache-semantics@3.8.1,BSD-2-Clause,https://github.com/pornel/http-cache-semantics
http-deceiver@1.2.7,MIT,https://github.com/indutny/http-deceiver
http-errors@1.6.3,MIT,https://github.com/jshttp/http-errors
http-errors@1.7.2,MIT,https://github.com/jshttp/http-errors
http-parser-js@0.4.10,MIT,https://github.com/creationix/http-parser-js
http-proxy@1.17.0,MIT,https://github.com/nodejitsu/node-http-proxy
http-proxy-agent@2.1.0,MIT,https://github.com/TooTallNate/node-http-proxy-agent
http-proxy-middleware@0.17.4,MIT,https://github.com/chimurai/http-proxy-middleware
https-browserify@1.0.0,MIT,https://github.com/substack/https-browserify
http-signature@1.1.1,MIT,https://github.com/joyent/node-http-signature
http-signature@1.2.0,MIT,https://github.com/joyent/node-http-signature
https-proxy-agent@1.0.0,MIT,https://github.com/TooTallNate/node-https-proxy-agent
https-proxy-agent@2.2.0,MIT,https://github.com/TooTallNate/node-https-proxy-agent
https-proxy-agent@2.2.1,MIT,https://github.com/TooTallNate/node-https-proxy-agent
humanize-ms@1.2.1,MIT,https://github.com/node-modules/humanize-ms
iconv-lite@0.4.19,MIT,https://github.com/ashtuchkin/iconv-lite
iconv-lite@0.4.24,MIT,https://github.com/ashtuchkin/iconv-lite
icss-replace-symbols@1.1.0,ISC,https://github.com/css-modules/icss-replace-symbols
icss-utils@2.1.0,ISC,https://github.com/css-modules/icss-utils
ieee754@1.1.13,BSD-3-Clause,https://github.com/feross/ieee754
iferr@0.1.5,MIT,https://github.com/shesek/iferr
ignore@3.3.10,MIT,https://github.com/kaelzhang/node-ignore
ignore-walk@3.0.1,ISC,https://github.com/isaacs/ignore-walk
image-size@0.5.5,MIT,https://github.com/image-size/image-size
img-stats@0.5.2,MIT,https://github.com/jefflembeck/img-stats
import-lazy@2.1.0,MIT,https://github.com/sindresorhus/import-lazy
import-local@0.1.1,MIT,https://github.com/sindresorhus/import-local
imurmurhash@0.1.4,MIT,https://github.com/jensyt/imurmurhash-js
indent-string@2.1.0,MIT,https://github.com/sindresorhus/indent-string
indent-string@4.0.0,MIT,https://github.com/sindresorhus/indent-string
indexes-of@1.0.1,MIT,https://github.com/dominictarr/indexes-of
indexof@0.0.1,MIT*,
inflection@1.12.0,MIT,https://github.com/dreamerslab/node.inflection
inflight@1.0.6,ISC,https://github.com/npm/inflight
inherits@2.0.1,ISC,https://github.com/isaacs/inherits
inherits@2.0.3,ISC,https://github.com/isaacs/inherits
inherits@2.0.4,ISC,https://github.com/isaacs/inherits
ini@1.3.5,ISC,https://github.com/isaacs/ini
init-package-json@1.10.3,ISC,https://github.com/npm/init-package-json
in-publish@2.0.1,ISC,https://github.com/iarna/in-publish
inquirer@0.12.0,MIT,https://github.com/SBoudrias/Inquirer.js
internal-ip@1.2.0,MIT,https://github.com/sindresorhus/internal-ip
interpret@1.2.0,MIT,https://github.com/gulpjs/interpret
invariant@2.2.4,MIT,https://github.com/zertosh/invariant
invert-kv@1.0.0,MIT,https://github.com/sindresorhus/invert-kv
ip@1.1.5,MIT,https://github.com/indutny/node-ip
ipaddr.js@1.9.0,MIT,https://github.com/whitequark/ipaddr.js
is-absolute-url@2.1.0,MIT,https://github.com/sindresorhus/is-absolute-url
is-accessor-descriptor@0.1.6,MIT,https://github.com/jonschlinkert/is-accessor-descriptor
is-accessor-descriptor@1.0.0,MIT,https://github.com/jonschlinkert/is-accessor-descriptor
isarray@0.0.1,MIT,https://github.com/juliangruber/isarray
isarray@1.0.0,MIT,https://github.com/juliangruber/isarray
is-arrayish@0.2.1,MIT,https://github.com/qix-/node-is-arrayish
isbinaryfile@2.0.4,MIT*,https://github.com/gjtorikian/isBinaryFile
isbinaryfile@3.0.3,MIT,https://github.com/gjtorikian/isBinaryFile
is-binary-path@1.0.1,MIT,https://github.com/sindresorhus/is-binary-path
is-buffer@1.1.6,MIT,https://github.com/feross/is-buffer
is-builtin-module@1.0.0,MIT,https://github.com/sindresorhus/is-builtin-module
is-callable@1.1.4,MIT,https://github.com/ljharb/is-callable
is-ci@1.1.0,MIT,https://github.com/watson/is-ci
is-cidr@1.0.0,MIT,https://github.com/flipjs/is-cidr
is-core-module@2.8.0,MIT,https://github.com/inspect-js/is-core-module
is-data-descriptor@0.1.4,MIT,https://github.com/jonschlinkert/is-data-descriptor
is-data-descriptor@1.0.0,MIT,https://github.com/jonschlinkert/is-data-descriptor
is-date-object@1.0.1,MIT,https://github.com/ljharb/is-date-object
is-descriptor@0.1.6,MIT,https://github.com/jonschlinkert/is-descriptor
is-descriptor@1.0.2,MIT,https://github.com/jonschlinkert/is-descriptor
is-directory@0.3.1,MIT,https://github.com/jonschlinkert/is-directory
is-dotfile@1.0.3,MIT,https://github.com/jonschlinkert/is-dotfile
is-equal-shallow@0.1.3,MIT,https://github.com/jonschlinkert/is-equal-shallow
isexe@2.0.0,ISC,https://github.com/isaacs/isexe
is-extendable@0.1.1,MIT,https://github.com/jonschlinkert/is-extendable
is-extendable@1.0.1,MIT,https://github.com/jonschlinkert/is-extendable
is-extglob@1.0.0,MIT,https://github.com/jonschlinkert/is-extglob
is-extglob@2.1.1,MIT,https://github.com/jonschlinkert/is-extglob
is-finite@1.0.2,MIT,https://github.com/sindresorhus/is-finite
is-fullwidth-code-point@1.0.0,MIT,https://github.com/sindresorhus/is-fullwidth-code-point
is-fullwidth-code-point@2.0.0,MIT,https://github.com/sindresorhus/is-fullwidth-code-point
is-glob@2.0.1,MIT,https://github.com/jonschlinkert/is-glob
is-glob@3.1.0,MIT,https://github.com/jonschlinkert/is-glob
is-glob@4.0.1,MIT,https://github.com/micromatch/is-glob
is-installed-globally@0.1.0,MIT,https://github.com/sindresorhus/is-installed-globally
is-npm@1.0.0,MIT,https://github.com/sindresorhus/is-npm
is-number@0.1.1,MIT,https://github.com/jonschlinkert/is-number
is-number@2.1.0,MIT,https://github.com/jonschlinkert/is-number
is-number@3.0.0,MIT,https://github.com/jonschlinkert/is-number
is-number@4.0.0,MIT,https://github.com/jonschlinkert/is-number
is-obj@1.0.1,MIT,https://github.com/sindresorhus/is-obj
isobject@2.1.0,MIT,https://github.com/jonschlinkert/isobject
isobject@3.0.1,MIT,https://github.com/jonschlinkert/isobject
is-path-cwd@1.0.0,MIT,https://github.com/sindresorhus/is-path-cwd
is-path-in-cwd@1.0.1,MIT,https://github.com/sindresorhus/is-path-in-cwd
is-path-inside@1.0.1,MIT,https://github.com/sindresorhus/is-path-inside
is-plain-obj@1.1.0,MIT,https://github.com/sindresorhus/is-plain-obj
is-plain-object@2.0.4,MIT,https://github.com/jonschlinkert/is-plain-object
is-posix-bracket@0.1.1,MIT,https://github.com/jonschlinkert/is-posix-bracket
is-primitive@2.0.0,MIT,https://github.com/jonschlinkert/is-primitive
is-redirect@1.0.0,MIT,https://github.com/sindresorhus/is-redirect
is-regex@1.0.4,MIT,https://github.com/ljharb/is-regex
is-retry-allowed@1.1.0,MIT,https://github.com/floatdrop/is-retry-allowed
isstream@0.1.2,MIT,https://github.com/rvagg/isstream
is-stream@1.1.0,MIT,https://github.com/sindresorhus/is-stream
is-svg@2.1.0,MIT,https://github.com/sindresorhus/is-svg
is-symbol@1.0.2,MIT,https://github.com/ljharb/is-symbol
istanbul@0.4.3,BSD-3-Clause,https://github.com/gotwarlost/istanbul
istanbul-api@1.3.7,BSD-3-Clause,https://github.com/istanbuljs/istanbuljs
istanbul-instrumenter-loader@2.0.0,MIT,https://github.com/deepsweet/istanbul-instrumenter-loader
istanbul-lib-coverage@1.2.1,BSD-3-Clause,https://github.com/istanbuljs/istanbuljs
istanbul-lib-hook@1.2.2,BSD-3-Clause,https://github.com/istanbuljs/istanbuljs
istanbul-lib-instrument@1.10.2,BSD-3-Clause,https://github.com/istanbuljs/istanbuljs
istanbul-lib-report@1.1.5,BSD-3-Clause,https://github.com/istanbuljs/istanbuljs
istanbul-lib-source-maps@1.2.6,BSD-3-Clause,https://github.com/istanbuljs/istanbuljs
istanbul-reports@1.5.1,BSD-3-Clause,https://github.com/istanbuljs/istanbuljs
is-typedarray@1.0.0,MIT,https://github.com/hughsk/is-typedarray
is-utf8@0.2.1,MIT,https://github.com/wayfind/is-utf8
is-windows@1.0.2,MIT,https://github.com/jonschlinkert/is-windows
is-wsl@1.1.0,MIT,https://github.com/sindresorhus/is-wsl
jasmine@2.99.0,MIT,https://github.com/jasmine/jasmine-npm
jasmine-core@2.6.4,MIT,https://github.com/jasmine/jasmine
jasmine-core@2.99.1,MIT,https://github.com/jasmine/jasmine
jasmine-spec-reporter@4.1.1,Apache-2.0,https://github.com/bcaudan/jasmine-spec-reporter
jasminewd2@2.2.0,MIT,https://github.com/angular/jasminewd
js-base64@2.5.1,BSD-3-Clause,https://github.com/dankogai/js-base64
jsbn@0.1.1,MIT,https://github.com/andyperlitch/jsbn
jsesc@0.5.0,MIT,https://github.com/mathiasbynens/jsesc
jsesc@1.3.0,MIT,https://github.com/mathiasbynens/jsesc
json3@3.3.2,MIT,https://github.com/bestiejs/json3
json3@3.3.3,MIT,https://github.com/bestiejs/json3
json5@0.5.1,MIT,https://github.com/aseemk/json5
json5@1.0.1,MIT,https://github.com/json5/json5
jsonfile@2.4.0,MIT,https://github.com/jprichardson/node-jsonfile
jsonfile@4.0.0,MIT,https://github.com/jprichardson/node-jsonfile
jsonify@0.0.0,Public Domain,https://github.com/substack/jsonify
json-loader@0.5.7,MIT,https://github.com/webpack/json-loader
jsonparse@1.3.1,MIT,https://github.com/creationix/jsonparse
json-parse-better-errors@1.0.1,MIT,https://github.com/zkat/json-parse-better-errors
json-parse-better-errors@1.0.2,MIT,https://github.com/zkat/json-parse-better-errors
json-parse-even-better-errors@2.3.1,MIT,https://github.com/npm/json-parse-even-better-errors
json-schema@0.2.3,(AFLv2.1 - BSD),https://github.com/kriszyp/json-schema
json-schema-traverse@0.3.1,MIT,https://github.com/epoberezkin/json-schema-traverse
json-schema-traverse@0.4.1,MIT,https://github.com/epoberezkin/json-schema-traverse
json-stable-stringify@1.0.1,MIT,https://github.com/substack/json-stable-stringify
JSONStream@1.3.2,(MIT OR Apache-2.0),https://github.com/dominictarr/JSONStream
json-stringify-safe@5.0.1,ISC,https://github.com/isaacs/json-stringify-safe
jsprim@1.4.1,MIT,https://github.com/joyent/node-jsprim
js-tokens@3.0.2,MIT,https://github.com/lydell/js-tokens
js-tokens@4.0.0,MIT,https://github.com/lydell/js-tokens
js-yaml@3.7.0,MIT,https://github.com/nodeca/js-yaml
karma@1.7.1,MIT,https://github.com/karma-runner/karma
karma-chrome-launcher@2.1.1,MIT,https://github.com/karma-runner/karma-chrome-launcher
karma-cli@1.0.1,MIT,https://github.com/karma-runner/karma-cli
karma-coverage-istanbul-reporter@1.4.3,MIT,https://github.com/mattlewis92/karma-coverage-istanbul-reporter
karma-jasmine@1.1.2,MIT,https://github.com/karma-runner/karma-jasmine
karma-jasmine-html-reporter@0.2.2,MIT,https://github.com/taras42/karma-jasmine-html-reporter
karma-sourcemap-loader@0.3.7,MIT,https://github.com/demerzel3/karma-sourcemap-loader
karma-source-map-support@1.4.0,MIT,https://github.com/tschaub/karma-source-map-support
karma-webpack@1.8.1,MIT,https://github.com/webpack/karma-webpack
killable@1.0.1,ISC,https://github.com/marten-de-vries/killable
kind-of@3.2.2,MIT,https://github.com/jonschlinkert/kind-of
kind-of@4.0.0,MIT,https://github.com/jonschlinkert/kind-of
kind-of@5.1.0,MIT,https://github.com/jonschlinkert/kind-of
kind-of@6.0.3,MIT,https://github.com/jonschlinkert/kind-of
klaw@1.3.1,MIT,https://github.com/jprichardson/node-klaw
latest-version@3.1.0,MIT,https://github.com/sindresorhus/latest-version
lazy-cache@1.0.4,MIT,https://github.com/jonschlinkert/lazy-cache
lazy-property@1.0.0,MIT,https://github.com/mikolalysenko/lazy-property
lcid@1.0.0,MIT,https://github.com/sindresorhus/lcid
less@2.7.3,Apache-2.0,https://github.com/less/less.js
less-loader@2.2.3,MIT,https://github.com/webpack/less-loader
less-loader@4.1.0,MIT,https://github.com/webpack-contrib/less-loader
levn@0.3.0,MIT,https://github.com/gkz/levn
libcipm@1.6.2,MIT,https://github.com/zkat/cipm
libnpx@10.2.0,ISC,https://github.com/zkat/npx
license-webpack-plugin@1.5.0,ISC,https://github.com/xz64/license-webpack-plugin
lines-and-columns@1.1.6,MIT,https://github.com/eventualbuddha/lines-and-columns
loader-runner@2.4.0,MIT,https://github.com/webpack/loader-runner
loader-utils@0.2.17,MIT,https://github.com/webpack/loader-utils
loader-utils@1.2.3,MIT,https://github.com/webpack/loader-utils
load-json-file@1.1.0,MIT,https://github.com/sindresorhus/load-json-file
load-json-file@2.0.0,MIT,https://github.com/sindresorhus/load-json-file
locate-path@2.0.0,MIT*,https://github.com/sindresorhus/locate-path
locate-path@3.0.0,MIT,https://github.com/sindresorhus/locate-path
locate-path@5.0.0,MIT,https://github.com/sindresorhus/locate-path
lockfile@1.0.4,ISC,https://github.com/npm/lockfile
lock-verify@2.0.1,ISC,https://github.com/iarna/lock-verify
lock-verify@2.0.2,ISC,https://github.com/iarna/lock-verify
lodash._basecopy@3.0.1,MIT,https://github.com/lodash/lodash
lodash._baseindexof@3.1.0,MIT,https://github.com/lodash/lodash
lodash._basetostring@3.0.1,MIT,https://github.com/lodash/lodash
lodash._baseuniq@4.6.0,MIT,https://github.com/lodash/lodash
lodash._basevalues@3.0.0,MIT,https://github.com/lodash/lodash
lodash._bindcallback@3.0.1,MIT,https://github.com/lodash/lodash
lodash._cacheindexof@3.0.2,MIT,https://github.com/lodash/lodash
lodash._createcache@3.1.2,MIT,https://github.com/lodash/lodash
lodash._createset@4.0.3,MIT,https://github.com/lodash/lodash
lodash._getnative@3.9.1,MIT,https://github.com/lodash/lodash
lodash._isiterateecall@3.0.9,MIT,https://github.com/lodash/lodash
lodash._reescape@3.0.0,MIT,https://github.com/lodash/lodash
lodash._reevaluate@3.0.0,MIT,https://github.com/lodash/lodash
lodash._reinterpolate@3.0.0,MIT,https://github.com/lodash/lodash
lodash._root@3.0.1,MIT,https://github.com/lodash/lodash
lodash.camelcase@4.3.0,MIT,https://github.com/lodash/lodash
lodash.clonedeep@4.5.0,MIT,https://github.com/lodash/lodash
lodash.escape@3.2.0,MIT,https://github.com/lodash/lodash
lodash.isarguments@3.1.0,MIT,https://github.com/lodash/lodash
lodash.isarray@3.0.4,MIT,https://github.com/lodash/lodash
lodash.keys@3.1.2,MIT,https://github.com/lodash/lodash
lodash.memoize@4.1.2,MIT,https://github.com/lodash/lodash
lodash.restparam@3.6.1,MIT,https://github.com/lodash/lodash
lodash.tail@4.1.1,MIT,https://github.com/lodash/lodash
lodash.template@3.6.2,MIT,https://github.com/lodash/lodash
lodash.templatesettings@3.1.1,MIT,https://github.com/lodash/lodash
lodash.union@4.6.0,MIT,https://github.com/lodash/lodash
lodash.uniq@4.5.0,MIT,https://github.com/lodash/lodash
lodash.without@4.4.0,MIT,https://github.com/lodash/lodash
lodash@3.10.1,MIT,https://github.com/lodash/lodash
lodash@4.17.15,MIT,https://github.com/lodash/lodash
log4js@0.6.38,Apache-2.0,https://github.com/nomiddlename/log4js-node
loglevel@1.6.3,MIT,https://github.com/pimterry/loglevel
longest@1.0.1,MIT,https://github.com/jonschlinkert/longest
loose-envify@1.4.0,MIT,https://github.com/zertosh/loose-envify
loud-rejection@1.6.0,MIT,https://github.com/sindresorhus/loud-rejection
lower-case@1.1.4,MIT,https://github.com/blakeembrey/lower-case
lowercase-keys@1.0.1,MIT,https://github.com/sindresorhus/lowercase-keys
lru-cache@4.1.2,ISC,https://github.com/isaacs/node-lru-cache
lru-cache@4.1.5,ISC,https://github.com/isaacs/node-lru-cache
lru-cache@6.0.0,ISC,https://github.com/isaacs/node-lru-cache
magic-string@0.22.5,MIT,https://github.com/rich-harris/magic-string
make-dir@1.2.0,MIT,https://github.com/sindresorhus/make-dir
make-dir@1.3.0,MIT,https://github.com/sindresorhus/make-dir
make-error@1.3.5,ISC,https://github.com/JsCommunity/make-error
make-fetch-happen@2.6.0,CC0-1.0,https://github.com/zkat/make-fetch-happen
make-fetch-happen@3.0.0,ISC,https://github.com/zkat/make-fetch-happen
map-cache@0.2.2,MIT,https://github.com/jonschlinkert/map-cache
map-obj@1.0.1,MIT,https://github.com/sindresorhus/map-obj
map-obj@4.3.0,MIT,https://github.com/sindresorhus/map-obj
map-visit@1.0.0,MIT,https://github.com/jonschlinkert/map-visit
matcher-collection@1.1.2,ISC,https://github.com/stefanpenner/matcher-collection
material-design-icons@3.0.1,Apache-2.0,https://github.com/google/material-design-icons
math-expression-evaluator@1.2.17,MIT,https://github.com/redhivesoftware/math-expression-evaluator.git#readme
math-random@1.0.4,MIT,https://github.com/michaelrhodes/math-random
md5.js@1.3.5,MIT,https://github.com/crypto-browserify/md5.js
md5@2.2.1,BSD-3-Clause,https://github.com/pvorb/node-md5
meant@1.0.1,MIT,https://github.com/watilde/meant
media-typer@0.3.0,MIT,https://github.com/jshttp/media-typer
mem@1.1.0,MIT*,
memory-fs@0.4.1,MIT,https://github.com/webpack/memory-fs
meow@3.7.0,MIT,https://github.com/sindresorhus/meow
meow@9.0.0,MIT,https://github.com/sindresorhus/meow
merge-descriptors@1.0.1,MIT,https://github.com/component/merge-descriptors
methods@1.1.2,MIT,https://github.com/jshttp/methods
micromatch@2.3.11,MIT,https://github.com/jonschlinkert/micromatch
micromatch@3.1.10,MIT,https://github.com/micromatch/micromatch
miller-rabin@4.0.1,MIT,https://github.com/indutny/miller-rabin
mime@1.3.6,MIT,https://github.com/broofa/node-mime
mime@1.6.0,MIT,https://github.com/broofa/node-mime
mime-db@1.33.0,MIT,https://github.com/jshttp/mime-db
mime-db@1.40.0,MIT,https://github.com/jshttp/mime-db
mime-types@2.1.18,MIT,https://github.com/jshttp/mime-types
mime-types@2.1.24,MIT,https://github.com/jshttp/mime-types
mimic-fn@1.2.0,MIT,https://github.com/sindresorhus/mimic-fn
minimalistic-assert@1.0.1,ISC,https://github.com/calvinmetcalf/minimalistic-assert
minimalistic-crypto-utils@1.0.1,MIT,https://github.com/indutny/minimalistic-crypto-utils
minimatch@2.0.10,ISC,https://github.com/isaacs/minimatch
minimatch@3.0.4,ISC,https://github.com/isaacs/minimatch
minimist@0.0.10,MIT,https://github.com/substack/minimist
minimist@0.0.8,MIT,https://github.com/substack/minimist
minimist@1.2.0,MIT,https://github.com/substack/minimist
minimist-options@4.1.0,MIT,https://github.com/vadimdemedes/minimist-options
min-indent@1.0.1,MIT,https://github.com/thejameskyle/min-indent
minipass@2.2.4,ISC,https://github.com/isaacs/minipass
minipass@3.1.3,ISC,https://github.com/isaacs/minipass
minizlib@1.1.0,MIT,https://github.com/isaacs/minizlib
minizlib@2.1.2,MIT,https://github.com/isaacs/minizlib
mississippi@1.3.1,BSD-2-Clause,https://github.com/maxogden/mississippi
mississippi@2.0.0,BSD-2-Clause,https://github.com/maxogden/mississippi
mississippi@3.0.0,BSD-2-Clause,https://github.com/maxogden/mississippi
mixin-deep@1.3.2,MIT,https://github.com/jonschlinkert/mixin-deep
mixin-object@2.0.1,MIT,https://github.com/jonschlinkert/mixin-object
mkdirp@0.5.1,MIT,https://github.com/substack/node-mkdirp
mkdirp@1.0.4,MIT,https://github.com/isaacs/node-mkdirp
moment@2.24.0,MIT,https://github.com/moment/moment
move-concurrently@1.0.1,ISC,https://github.com/npm/move-concurrently
ms@0.7.1,MIT*,https://github.com/guille/ms.js
ms@0.7.2,MIT,https://github.com/zeit/ms
ms@2.0.0,MIT,https://github.com/zeit/ms
ms@2.1.1,MIT,https://github.com/zeit/ms
ms@2.1.2,MIT,https://github.com/zeit/ms
multicast-dns@6.2.3,MIT,https://github.com/mafintosh/multicast-dns
multicast-dns-service-types@1.1.0,MIT,https://github.com/mafintosh/multicast-dns-service-types
multipipe@0.1.2,MIT,https://github.com/juliangruber/multipipe
mute-stream@0.0.5,ISC,https://github.com/isaacs/mute-stream
mute-stream@0.0.7,ISC,https://github.com/isaacs/mute-stream
nan@2.14.0,MIT,https://github.com/nodejs/nan
nanomatch@1.2.13,MIT,https://github.com/micromatch/nanomatch
negotiator@0.6.1,MIT,https://github.com/jshttp/negotiator
negotiator@0.6.2,MIT,https://github.com/jshttp/negotiator
neo-async@2.6.1,MIT,https://github.com/suguru03/neo-async
next-tick@1.0.0,MIT,https://github.com/medikoo/next-tick
ng2-file-upload@1.4.0,MIT,https://github.com/valor-software/ng2-file-upload
ngx-file-drop@2.0.5,MIT,https://github.com/georgipeltekov/ngx-file-drop
no-case@2.3.2,MIT,https://github.com/blakeembrey/no-case
node-fetch-npm@2.0.2,MIT,https://github.com/npm/node-fetch-npm
node-forge@0.7.5;(BSD-3-Clause OR GPL-2.0);https://github.com/digitalbazaar/forge
node-gyp@3.6.2,MIT,https://github.com/nodejs/node-gyp
node-gyp@3.8.0,MIT,https://github.com/nodejs/node-gyp
node-gyp@7.1.2,MIT,https://github.com/nodejs/node-gyp
node-libs-browser@2.2.1,MIT,https://github.com/webpack/node-libs-browser
node-modules-path@1.0.2,ISC,https://github.com/ember-cli/node-modules-path
node-sass@4.14.1,MIT,https://github.com/sass/node-sass
node-sass@6.0.1,MIT,https://github.com/sass/node-sass
nopt@3.0.6,ISC,https://github.com/npm/nopt
nopt@4.0.1,ISC,https://github.com/npm/nopt
nopt@5.0.0,ISC,https://github.com/npm/nopt
normalize-package-data@2.4.0,BSD-2-Clause,https://github.com/npm/normalize-package-data
normalize-package-data@2.5.0,BSD-2-Clause,https://github.com/npm/normalize-package-data
normalize-package-data@3.0.3,BSD-2-Clause,https://github.com/npm/normalize-package-data
normalize-path@2.1.1,MIT,https://github.com/jonschlinkert/normalize-path
normalize-path@3.0.0,MIT,https://github.com/jonschlinkert/normalize-path
normalize-range@0.1.2,MIT,https://github.com/jamestalmage/normalize-range
normalize-url@1.9.1,MIT,https://github.com/sindresorhus/normalize-url
npm@5.10.0,Artistic-2.0,https://github.com/npm/npm
npm-audit-report@1.0.9,ISC,https://github.com/npm/npm-audit-report
npm-bundled@1.0.3,ISC,https://github.com/npm/npm-bundled
npm-cache-filename@1.0.2,ISC,https://github.com/npm/npm-cache-filename
npm-install-checks@3.0.0,BSD-2-Clause,https://github.com/npm/npm-install-checks
npm-lifecycle@2.0.1,Artistic-2.0,https://github.com/npm/lifecycle
npmlog@4.1.2,ISC,https://github.com/npm/npmlog
npm-logical-tree@1.2.1,ISC,https://github.com/npm/logical-tree
npm-package-arg@5.1.2,ISC,https://github.com/npm/npm-package-arg
npm-package-arg@6.1.0,ISC,https://github.com/npm/npm-package-arg
npm-packlist@1.1.10,ISC,https://github.com/npm/npm-packlist
npm-pick-manifest@2.1.0,ISC,https://github.com/zkat/npm-pick-manifest
npm-profile@3.0.1,ISC,https://github.com/npm/npm-profile
npm-registry-client@8.5.1,ISC,https://github.com/npm/npm-registry-client
npm-registry-fetch@1.1.0,ISC,https://github.com/npm/registry-fetch
npm-run-path@2.0.2,MIT,https://github.com/sindresorhus/npm-run-path
npm-user-validate@1.0.0,BSD-2-Clause,https://github.com/npm/npm-user-validate
nth-check@1.0.2,BSD-2-Clause,https://github.com/fb55/nth-check
null-check@1.0.0,MIT,https://github.com/sindresorhus/null-check
num2fraction@1.2.2,MIT,https://github.com/yisibl/num2fraction
number-is-nan@1.0.1,MIT,https://github.com/sindresorhus/number-is-nan
oauth-sign@0.8.2,Apache-2.0,https://github.com/mikeal/oauth-sign
oauth-sign@0.9.0,Apache-2.0,https://github.com/mikeal/oauth-sign
object.omit@2.0.1,MIT,https://github.com/jonschlinkert/object.omit
object.pick@1.3.0,MIT,https://github.com/jonschlinkert/object.pick
object-assign@3.0.0,MIT,https://github.com/sindresorhus/object-assign
object-assign@4.1.0,MIT,https://github.com/sindresorhus/object-assign
object-assign@4.1.1,MIT,https://github.com/sindresorhus/object-assign
object-component@0.0.3,MIT*,
object-copy@0.1.0,MIT,https://github.com/jonschlinkert/object-copy
object-keys@1.1.1,MIT,https://github.com/ljharb/object-keys
object-visit@1.0.1,MIT,https://github.com/jonschlinkert/object-visit
obuf@1.1.2,MIT,https://github.com/indutny/offset-buffer
once@1.4.0,ISC,https://github.com/isaacs/once
onetime@1.1.0,MIT,https://github.com/sindresorhus/onetime
on-finished@2.3.0,MIT,https://github.com/jshttp/on-finished
on-headers@1.0.2,MIT,https://github.com/jshttp/on-headers
opener@1.4.3,(WTFPL OR MIT),https://github.com/domenic/opener
opn@4.0.1,MIT,https://github.com/sindresorhus/opn
opn@4.0.2,MIT,https://github.com/sindresorhus/opn
opn@5.1.0,MIT,https://github.com/sindresorhus/opn
optimist@0.3.7,MIT*,https://github.com/substack/node-optimist
optimist@0.6.1,MIT*,https://github.com/substack/node-optimist
optionator@0.8.3,MIT,https://github.com/gkz/optionator
options@0.0.6,MIT*,https://github.com/einaros/options.js
ora@0.2.3,MIT,https://github.com/sindresorhus/ora
original@1.0.2,MIT,https://github.com/unshiftio/original
os-browserify@0.3.0,MIT,https://github.com/CoderPuppy/os-browserify
osenv@0.1.5,ISC,https://github.com/npm/osenv
os-homedir@1.0.2,MIT,https://github.com/sindresorhus/os-homedir
os-locale@1.4.0,MIT,https://github.com/sindresorhus/os-locale
os-locale@2.1.0,MIT,https://github.com/sindresorhus/os-locale
os-tmpdir@1.0.2,MIT,https://github.com/sindresorhus/os-tmpdir
package-json@4.0.1,MIT,https://github.com/sindresorhus/package-json
pacote@7.6.1,MIT,https://github.com/zkat/pacote
pako@1.0.10,(MIT AND Zlib),https://github.com/nodeca/pako
parallel-transform@1.1.0,MIT,https://github.com/mafintosh/parallel-transform
param-case@2.1.1,MIT,https://github.com/blakeembrey/param-case
parse-asn1@5.1.4,ISC,https://github.com/crypto-browserify/parse-asn1
parse-glob@3.0.4,MIT,https://github.com/jonschlinkert/parse-glob
parsejson@0.0.3,MIT,https://github.com/get/parsejson
parse-json@2.2.0,MIT,https://github.com/sindresorhus/parse-json
parse-json@5.2.0,MIT,https://github.com/sindresorhus/parse-json
parse-node-version@1.0.1,MIT,https://github.com/gulpjs/parse-node-version
parse-passwd@1.0.0,MIT,https://github.com/doowb/parse-passwd
parseqs@0.0.5,MIT,https://github.com/get/querystring
parseuri@0.0.5,MIT,https://github.com/get/parseuri
parseurl@1.3.3,MIT,https://github.com/pillarjs/parseurl
pascalcase@0.1.1,MIT,https://github.com/jonschlinkert/pascalcase
path-browserify@0.0.1,MIT,https://github.com/substack/path-browserify
path-dirname@1.0.2,MIT,https://github.com/es128/path-dirname
path-exists@2.1.0,MIT,https://github.com/sindresorhus/path-exists
path-exists@3.0.0,MIT,https://github.com/sindresorhus/path-exists
path-exists@4.0.0,MIT,https://github.com/sindresorhus/path-exists
path-is-absolute@1.0.1,MIT,https://github.com/sindresorhus/path-is-absolute
path-is-inside@1.0.2,(WTFPL OR MIT),https://github.com/domenic/path-is-inside
path-key@2.0.1,MIT,https://github.com/sindresorhus/path-key
path-key@3.1.1,MIT,https://github.com/sindresorhus/path-key
path-parse@1.0.6,MIT,https://github.com/jbgutierrez/path-parse
path-to-regexp@0.1.7,MIT,https://github.com/component/path-to-regexp
path-type@1.1.0,MIT,https://github.com/sindresorhus/path-type
path-type@2.0.0,MIT,https://github.com/sindresorhus/path-type
path-type@3.0.0,MIT,https://github.com/sindresorhus/path-type
pbkdf2@3.0.17,MIT,https://github.com/crypto-browserify/pbkdf2
performance-now@0.2.0,MIT,https://github.com/meryn/performance-now
performance-now@2.1.0,MIT,https://github.com/braveg1rl/performance-now
p-finally@1.0.0,MIT,https://github.com/sindresorhus/p-finally
pify@2.3.0,MIT,https://github.com/sindresorhus/pify
pify@3.0.0,MIT,https://github.com/sindresorhus/pify
pinkie@2.0.4,MIT,https://github.com/floatdrop/pinkie
pinkie-promise@2.0.1,MIT,https://github.com/floatdrop/pinkie-promise
pkg-dir@2.0.0,MIT,https://github.com/sindresorhus/pkg-dir
p-limit@1.2.0,MIT,https://github.com/sindresorhus/p-limit
p-limit@1.3.0,MIT,https://github.com/sindresorhus/p-limit
p-limit@2.3.0,MIT,https://github.com/sindresorhus/p-limit
p-locate@2.0.0,MIT*,https://github.com/sindresorhus/p-locate
p-locate@3.0.0,MIT,https://github.com/sindresorhus/p-locate
p-locate@4.1.0,MIT,https://github.com/sindresorhus/p-locate
p-map@1.2.0,MIT,https://github.com/sindresorhus/p-map
portfinder@1.0.23,MIT,https://github.com/indexzero/node-portfinder
portfinder@1.0.9,MIT,https://github.com/indexzero/node-portfinder
posix-character-classes@0.1.1,MIT,https://github.com/jonschlinkert/posix-character-classes
postcss@5.2.18,MIT,https://github.com/postcss/postcss
postcss@6.0.23,MIT,https://github.com/postcss/postcss
postcss-calc@5.3.1,MIT,https://github.com/postcss/postcss-calc
postcss-colormin@2.2.2,MIT,https://github.com/ben-eb/postcss-colormin
postcss-convert-values@2.6.1,MIT,https://github.com/ben-eb/postcss-convert-values
postcss-custom-properties@6.3.1,MIT,https://github.com/postcss/postcss-custom-properties
postcss-discard-comments@2.0.4,MIT,https://github.com/ben-eb/postcss-discard-comments
postcss-discard-duplicates@2.1.0,MIT,https://github.com/ben-eb/postcss-discard-duplicates
postcss-discard-empty@2.1.0,MIT,https://github.com/ben-eb/postcss-discard-empty
postcss-discard-overridden@0.1.1,MIT,https://github.com/Justineo/postcss-discard-overridden
postcss-discard-unused@2.2.3,MIT,https://github.com/ben-eb/postcss-discard-unused
postcss-filter-plugins@2.0.3,MIT,https://github.com/postcss/postcss-filter-plugins
postcss-load-config@1.2.0,MIT,https://github.com/michael-ciniawsky/postcss-load-config
postcss-loader@0.9.1,MIT,https://github.com/postcss/postcss-loader
postcss-loader@1.3.3,MIT,https://github.com/postcss/postcss-loader
postcss-load-options@1.2.0,MIT,https://github.com/michael-ciniawsky/postcss-load-options
postcss-load-plugins@2.3.0,MIT,https://github.com/michael-ciniawsky/postcss-load-plugins
postcss-merge-idents@2.1.7,MIT,https://github.com/ben-eb/postcss-merge-idents
postcss-merge-longhand@2.0.2,MIT,https://github.com/ben-eb/postcss-merge-longhand
postcss-merge-rules@2.1.2,MIT,https://github.com/ben-eb/postcss-merge-rules
postcss-message-helpers@2.0.0,MIT,https://github.com/MoOx/postcss-message-helpers
postcss-minify-font-values@1.0.5,MIT,https://github.com/TrySound/postcss-minify-font-values
postcss-minify-gradients@1.0.5,MIT,https://github.com/ben-eb/postcss-minify-gradients
postcss-minify-params@1.2.2,MIT,https://github.com/ben-eb/postcss-minify-params
postcss-minify-selectors@2.1.1,MIT,https://github.com/ben-eb/postcss-minify-selectors
postcss-modules-extract-imports@1.2.1,ISC,https://github.com/css-modules/postcss-modules-extract-imports
postcss-modules-local-by-default@1.2.0,MIT,https://github.com/css-modules/postcss-modules-local-by-default
postcss-modules-scope@1.1.0,ISC,https://github.com/css-modules/postcss-modules-scope
postcss-modules-values@1.3.0,ISC,https://github.com/css-modules/postcss-modules-values
postcss-normalize-charset@1.1.1,MIT,https://github.com/ben-eb/postcss-charset
postcss-normalize-url@3.0.8,MIT,https://github.com/ben-eb/postcss-normalize-url
postcss-ordered-values@2.2.3,MIT,https://github.com/ben-eb/postcss-ordered-values
postcss-reduce-idents@2.4.0,MIT,https://github.com/ben-eb/postcss-reduce-idents
postcss-reduce-initial@1.0.1,MIT,https://github.com/ben-eb/postcss-reduce-initial
postcss-reduce-transforms@1.0.4,MIT,https://github.com/ben-eb/postcss-reduce-transforms
postcss-selector-parser@2.2.3,MIT,https://github.com/postcss/postcss-selector-parser
postcss-svgo@2.1.6,MIT,https://github.com/ben-eb/postcss-svgo
postcss-unique-selectors@2.0.2,MIT,https://github.com/ben-eb/postcss-unique-selectors
postcss-url@5.1.2,MIT,https://github.com/postcss/postcss-url
postcss-value-parser@3.3.1,MIT,https://github.com/TrySound/postcss-value-parser
postcss-zindex@2.2.0,MIT,https://github.com/ben-eb/postcss-zindex
prelude-ls@1.1.2,MIT,https://github.com/gkz/prelude-ls
prepend-http@1.0.4,MIT,https://github.com/sindresorhus/prepend-http
preserve@0.2.0,MIT,https://github.com/jonschlinkert/preserve
pretty-error@2.1.1,MIT,https://github.com/AriaMinaei/pretty-error
process@0.11.10,MIT,https://github.com/shtylman/node-process
process-nextick-args@1.0.7,MIT,https://github.com/calvinmetcalf/process-nextick-args
process-nextick-args@2.0.1,MIT,https://github.com/calvinmetcalf/process-nextick-args
promise@7.3.1,MIT,https://github.com/then/promise
promise-inflight@1.0.1,ISC,https://github.com/iarna/promise-inflight
promise-retry@1.1.1,MIT,https://github.com/IndigoUnited/node-promise-retry
promzard@0.3.0,ISC,https://github.com/isaacs/promzard
protoduck@5.0.0,MIT,https://github.com/zkat/protoduck
proto-list@1.2.4,ISC,https://github.com/isaacs/proto-list
protractor@5.1.2,MIT,https://github.com/angular/protractor
proxy-addr@2.0.5,MIT,https://github.com/jshttp/proxy-addr
prr@1.0.1,MIT,https://github.com/rvagg/prr
pseudomap@1.0.2,ISC,https://github.com/isaacs/pseudomap
psl@1.3.0,MIT,https://github.com/lupomontero/psl
p-try@1.0.0,MIT,https://github.com/sindresorhus/p-try
p-try@2.2.0,MIT,https://github.com/sindresorhus/p-try
public-encrypt@4.0.3,MIT,https://github.com/crypto-browserify/publicEncrypt
pump@1.0.3,MIT,https://github.com/mafintosh/pump
pump@2.0.1,MIT,https://github.com/mafintosh/pump
pump@3.0.0,MIT,https://github.com/mafintosh/pump
pumpify@1.4.0,MIT,https://github.com/mafintosh/pumpify
pumpify@1.5.1,MIT,https://github.com/mafintosh/pumpify
punycode@1.3.2,MIT,https://github.com/bestiejs/punycode.js
punycode@1.4.1,MIT,https://github.com/bestiejs/punycode.js
punycode@2.1.1,MIT,https://github.com/bestiejs/punycode.js
q@1.4.1,MIT,https://github.com/kriskowal/q
q@1.5.1,MIT,https://github.com/kriskowal/q
qjobs@1.2.0,MIT,https://github.com/franck34/qjobs
qrcode-terminal@0.12.0,Apache 2.0,https://github.com/gtanner/qrcode-terminal
qs@6.4.0,BSD-3-Clause,https://github.com/ljharb/qs
qs@6.5.1,BSD-3-Clause,https://github.com/ljharb/qs
qs@6.5.2,BSD-3-Clause,https://github.com/ljharb/qs
qs@6.7.0,BSD-3-Clause,https://github.com/ljharb/qs
querystring@0.2.0,MIT,https://github.com/Gozala/querystring
query-string@4.3.4,MIT,https://github.com/sindresorhus/query-string
query-string@6.1.0,MIT,https://github.com/sindresorhus/query-string
querystring-es3@0.2.1,MIT,https://github.com/mike-spainhower/querystring
querystringify@2.1.1,MIT,https://github.com/unshiftio/querystringify
quick-lru@4.0.1,MIT,https://github.com/sindresorhus/quick-lru
qw@1.0.1,ISC,https://github.com/iarna/node-qw
randomatic@3.1.1,MIT,https://github.com/jonschlinkert/randomatic
randombytes@2.1.0,MIT,https://github.com/crypto-browserify/randombytes
randomfill@1.0.4,MIT,https://github.com/crypto-browserify/randomfill
range-parser@1.2.1,MIT,https://github.com/jshttp/range-parser
raw-body@2.4.0,MIT,https://github.com/stream-utils/raw-body
raw-loader@0.5.1,MIT,https://github.com/webpack/raw-loader
rc@1.2.7,(BSD-2-Clause OR MIT OR Apache-2.0),https://github.com/dominictarr/rc
read@1.0.7,ISC,https://github.com/isaacs/read
readable-stream@1.0.34,MIT,https://github.com/isaacs/readable-stream
readable-stream@1.1.14,MIT,https://github.com/isaacs/readable-stream
readable-stream@2.0.6,MIT,https://github.com/nodejs/readable-stream
readable-stream@2.3.6,MIT,https://github.com/nodejs/readable-stream
readable-stream@3.4.0,MIT,https://github.com/nodejs/readable-stream
read-cmd-shim@1.0.1,ISC,https://github.com/npm/read-cmd-shim
readdirp@2.2.1,MIT,https://github.com/paulmillr/readdirp
readdir-scoped-modules@1.0.2,ISC,https://github.com/npm/readdir-scoped-modules
read-installed@4.0.3,ISC,https://github.com/isaacs/read-installed
readline2@1.0.1,MIT,https://github.com/SBoudrias/readline2
read-package-json@2.0.13,ISC,https://github.com/npm/read-package-json
read-package-tree@5.2.1,ISC,https://github.com/npm/read-package-tree
read-pkg@1.1.0,MIT,https://github.com/sindresorhus/read-pkg
read-pkg@2.0.0,MIT,https://github.com/sindresorhus/read-pkg
read-pkg@5.2.0,MIT,https://github.com/sindresorhus/read-pkg
read-pkg-up@1.0.1,MIT,https://github.com/sindresorhus/read-pkg-up
read-pkg-up@2.0.0,MIT,https://github.com/sindresorhus/read-pkg-up
read-pkg-up@7.0.1,MIT,https://github.com/sindresorhus/read-pkg-up
redent@1.0.0,MIT,https://github.com/sindresorhus/redent
redent@3.0.0,MIT,https://github.com/sindresorhus/redent
reduce-css-calc@1.3.0,MIT,https://github.com/MoOx/reduce-css-calc
reduce-function-call@1.0.2,MIT,https://github.com/MoOx/reduce-function-call
reflect-metadata@0.1.13,Apache-2.0,https://github.com/rbuckton/reflect-metadata
regenerate@1.4.0,MIT,https://github.com/mathiasbynens/regenerate
regenerator-runtime@0.11.1,MIT,https://github.com/facebook/regenerator/tree/master/packages/regenerator-runtime
regex-cache@0.4.4,MIT,https://github.com/jonschlinkert/regex-cache
regex-not@1.0.2,MIT,https://github.com/jonschlinkert/regex-not
regexpu-core@1.0.0,MIT,https://github.com/mathiasbynens/regexpu-core
registry-auth-token@3.3.2,MIT,https://github.com/rexxars/registry-auth-token
registry-url@3.1.0,MIT,https://github.com/sindresorhus/registry-url
regjsgen@0.2.0,MIT,https://github.com/d10/regjsgen
regjsparser@0.1.5,BSD*,https://github.com/jviereck/regjsparser
relateurl@0.2.7,MIT,https://github.com/stevenvachon/relateurl
remap-istanbul@0.6.4,BSD-3-Clause,https://github.com/SitePen/remap-istanbul
remove-trailing-separator@1.1.0,ISC,https://github.com/darsain/remove-trailing-separator
renderkid@2.0.3,MIT,https://github.com/AriaMinaei/RenderKid
repeat-element@1.1.3,MIT,https://github.com/jonschlinkert/repeat-element
repeating@2.0.1,MIT,https://github.com/sindresorhus/repeating
repeat-string@0.2.2,MIT,https://github.com/jonschlinkert/repeat-string
repeat-string@1.6.1,MIT,https://github.com/jonschlinkert/repeat-string
replace-ext@0.0.1,MIT,https://github.com/wearefractal/replace-ext
request@2.81.0,Apache-2.0,https://github.com/request/request
request@2.85.0,Apache-2.0,https://github.com/request/request
request@2.88.0,Apache-2.0,https://github.com/request/request
request@2.88.2,Apache-2.0,https://github.com/request/request
require-directory@2.1.1,MIT,https://github.com/troygoode/node-require-directory
require-from-string@1.2.1,MIT,https://github.com/floatdrop/require-from-string
require-main-filename@1.0.1,ISC,https://github.com/yargs/require-main-filename
require-main-filename@2.0.0,ISC,https://github.com/yargs/require-main-filename
requires-port@1.0.0,MIT,https://github.com/unshiftio/requires-port
resolve@1.1.7,MIT,https://github.com/substack/node-resolve
resolve@1.12.0,MIT,https://github.com/browserify/resolve
resolve-cwd@2.0.0,MIT,https://github.com/sindresorhus/resolve-cwd
resolve-from@3.0.0,MIT,https://github.com/sindresorhus/resolve-from
resolve-from@4.0.0,MIT,https://github.com/sindresorhus/resolve-from
resolve-url@0.2.1,MIT,https://github.com/lydell/resolve-url
restore-cursor@1.0.1,MIT,https://github.com/sindresorhus/restore-cursor
ret@0.1.15,MIT,https://github.com/fent/ret.js
retry@0.10.1,MIT,https://github.com/tim-kos/node-retry
retry@0.12.0,MIT,https://github.com/tim-kos/node-retry
right-align@0.1.3,MIT,https://github.com/jonschlinkert/right-align
rimraf@2.2.8,MIT,https://github.com/isaacs/rimraf
rimraf@2.6.2,ISC,https://github.com/isaacs/rimraf
rimraf@2.7.1,ISC,https://github.com/isaacs/rimraf
rimraf@3.0.2,ISC,https://github.com/isaacs/rimraf
ripemd160@2.0.2,MIT,https://github.com/crypto-browserify/ripemd160
rsvp@3.6.2,MIT,https://github.com/tildeio/rsvp.js
run-async@0.1.0,MIT,https://github.com/SBoudrias/run-async
run-queue@1.0.3,ISC,https://github.com/iarna/run-queue
rxjs@5.1.0,Apache-2.0,https://github.com/ReactiveX/RxJS
rxjs@5.5.12,Apache-2.0,https://github.com/ReactiveX/RxJS
rx-lite@3.1.2,Apache License Version 2.0,https://github.com/Reactive-Extensions/RxJS
safe-buffer@5.1.2,MIT,https://github.com/feross/safe-buffer
safer-buffer@2.1.2,MIT,https://github.com/ChALkeR/safer-buffer
safe-regex@1.1.0,MIT,https://github.com/substack/safe-regex
sass-graph@2.2.5,MIT,https://github.com/xzyfer/sass-graph
sass-loader@4.1.1,MIT,https://github.com/jtangelder/sass-loader
sass-loader@6.0.7,MIT,https://github.com/webpack-contrib/sass-loader
saucelabs@1.3.0,MIT*,https://github.com/holidayextras/node-saucelabs
sax@0.6.1,BSD*,https://github.com/isaacs/sax-js
sax@1.2.4,ISC,https://github.com/isaacs/sax-js
schema-utils@0.3.0,MIT,https://github.com/webpack-contrib/schema-utils
schema-utils@0.4.7,MIT,https://github.com/webpack-contrib/schema-utils
script-loader@0.7.2,MIT,https://github.com/webpack-contrib/script-loader
scss-tokenizer@0.2.3,MIT,https://github.com/sasstools/scss-tokenizer
select-hose@2.0.0,MIT,https://github.com/indutny/select-hose
selenium-webdriver@2.53.3,Apache-2.0,https://github.com/SeleniumHQ/selenium
selenium-webdriver@3.0.1,Apache-2.0,https://github.com/SeleniumHQ/selenium
selfsigned@1.10.4,MIT,https://github.com/jfromaniello/selfsigned
semver@4.3.6,ISC,https://github.com/npm/node-semver
semver@5.0.3,ISC,https://github.com/npm/node-semver
semver@5.3.0,ISC,https://github.com/npm/node-semver
semver@5.5.0,ISC,https://github.com/npm/node-semver
semver@5.7.1,ISC,https://github.com/npm/node-semver
semver@6.3.0,ISC,https://github.com/npm/node-semver
semver@7.3.4,ISC,https://github.com/npm/node-semver
semver@7.3.5,ISC,https://github.com/npm/node-semver
semver-diff@2.1.0,MIT,https://github.com/sindresorhus/semver-diff
semver-dsl@1.0.1,MIT,https://github.com/mgechev/semver-dsl
send@0.17.1,MIT,https://github.com/pillarjs/send
serialize-javascript@1.8.0,BSD-3-Clause,https://github.com/yahoo/serialize-javascript
serve-index@1.9.1,MIT,https://github.com/expressjs/serve-index
serve-static@1.14.1,MIT,https://github.com/expressjs/serve-static
set-blocking@2.0.0,ISC,https://github.com/yargs/set-blocking
setimmediate@1.0.5,MIT,https://github.com/YuzuJS/setImmediate
setprototypeof@1.1.0,ISC,https://github.com/wesleytodd/setprototypeof
setprototypeof@1.1.1,ISC,https://github.com/wesleytodd/setprototypeof
set-value@2.0.1,MIT,https://github.com/jonschlinkert/set-value
sha.js@2.4.11,(MIT AND BSD-3-Clause),https://github.com/crypto-browserify/sha.js
sha@2.0.1,(BSD-2-Clause OR MIT),https://github.com/ForbesLindesay/sha
shallow-clone@1.0.0,MIT,https://github.com/jonschlinkert/shallow-clone
shebang-command@1.2.0,MIT,https://github.com/kevva/shebang-command
shebang-command@2.0.0,MIT,https://github.com/kevva/shebang-command
shebang-regex@1.0.0,MIT,https://github.com/sindresorhus/shebang-regex
shebang-regex@3.0.0,MIT,https://github.com/sindresorhus/shebang-regex
signal-exit@3.0.2,ISC,https://github.com/tapjs/signal-exit
silent-error@1.1.1,ISC,https://github.com/stefanpenner/silent-error
slash@1.0.0,MIT,https://github.com/sindresorhus/slash
slide@1.1.6,ISC,https://github.com/isaacs/slide-flow-control
smart-buffer@1.1.15,MIT,https://github.com/JoshGlazebrook/smart-buffer
snapdragon@0.8.2,MIT,https://github.com/jonschlinkert/snapdragon
snapdragon-node@2.1.1,MIT,https://github.com/jonschlinkert/snapdragon-node
snapdragon-util@3.0.1,MIT,https://github.com/jonschlinkert/snapdragon-util
sntp@1.0.9,BSD,https://github.com/hueniverse/sntp
sntp@2.1.0,BSD-3-Clause,https://github.com/hueniverse/sntp
socket.io@1.7.3,MIT,https://github.com/socketio/socket.io
socket.io-adapter@0.5.0,MIT,https://github.com/Automattic/socket.io-adapter
socket.io-client@1.7.3,MIT,https://github.com/Automattic/socket.io-client
socket.io-parser@2.3.1,MIT,https://github.com/Automattic/socket.io-parser
sockjs@0.3.18,MIT,https://github.com/sockjs/sockjs-node
sockjs-client@1.1.1,MIT,https://github.com/sockjs/sockjs-client
sockjs-client@1.1.4,MIT,https://github.com/sockjs/sockjs-client
socks@1.1.10,MIT,https://github.com/JoshGlazebrook/socks
socks-proxy-agent@3.0.1,MIT,https://github.com/TooTallNate/node-socks-proxy-agent
sorted-object@2.0.1,(WTFPL OR MIT),https://github.com/domenic/sorted-object
sorted-union-stream@2.1.3,MIT,https://github.com/mafintosh/sorted-union-stream
sort-keys@1.1.2,MIT,https://github.com/sindresorhus/sort-keys
source-list-map@0.1.8,MIT,https://github.com/webpack/source-list-map
source-list-map@2.0.1,MIT,https://github.com/webpack/source-list-map
source-map@0.1.43,BSD,https://github.com/mozilla/source-map
source-map@0.2.0,BSD,https://github.com/mozilla/source-map
source-map@0.4.4,BSD-3-Clause,https://github.com/mozilla/source-map
source-map@0.5.7,BSD-3-Clause,https://github.com/mozilla/source-map
source-map@0.6.1,BSD-3-Clause,https://github.com/mozilla/source-map
source-map@0.7.3,BSD-3-Clause,https://github.com/mozilla/source-map
sourcemap-istanbul-instrumenter-loader@0.2.0,WTFPL,https://github.com/zakhenry/istanbul-instrumenter-loader
source-map-loader@0.1.6,MIT,https://github.com/webpack/source-map-loader
source-map-loader@0.2.4,MIT,https://github.com/webpack-contrib/source-map-loader
source-map-resolve@0.5.2,MIT,https://github.com/lydell/source-map-resolve
source-map-support@0.4.18,MIT,https://github.com/evanw/node-source-map-support
source-map-support@0.5.13,MIT,https://github.com/evanw/node-source-map-support
source-map-url@0.4.0,MIT,https://github.com/lydell/source-map-url
sparkles@1.0.1,MIT,https://github.com/gulpjs/sparkles
spdx-correct@3.0.0,Apache-2.0,https://github.com/jslicense/spdx-correct.js
spdx-correct@3.1.0,Apache-2.0,https://github.com/jslicense/spdx-correct.js
spdx-exceptions@2.2.0,CC-BY-3.0,https://github.com/kemitchell/spdx-exceptions.json
spdx-expression-parse@3.0.0,MIT,https://github.com/jslicense/spdx-expression-parse.js
spdx-license-ids@3.0.0,CC0-1.0,https://github.com/shinnn/spdx-license-ids
spdx-license-ids@3.0.5,CC0-1.0,https://github.com/shinnn/spdx-license-ids
spdy@3.4.7,MIT,https://github.com/indutny/node-spdy
spdy-transport@2.1.1,MIT,https://github.com/spdy-http2/spdy-transport
split-string@3.1.0,MIT,https://github.com/jonschlinkert/split-string
sprintf-js@1.0.3,BSD-3-Clause,https://github.com/alexei/sprintf.js
sshpk@1.16.1,MIT,https://github.com/joyent/node-sshpk
ssri@5.3.0,ISC,https://github.com/zkat/ssri
static-extend@0.1.2,MIT,https://github.com/jonschlinkert/static-extend
statuses@1.5.0,MIT,https://github.com/jshttp/statuses
stdout-stream@1.4.1,MIT,https://github.com/mafintosh/stdout-stream
stream-browserify@2.0.2,MIT,https://github.com/browserify/stream-browserify
stream-each@1.2.2,MIT,https://github.com/mafintosh/stream-each
stream-each@1.2.3,MIT,https://github.com/mafintosh/stream-each
stream-http@2.8.3,MIT,https://github.com/jhiesey/stream-http
stream-iterate@1.2.0,MIT,https://github.com/mafintosh/stream-iterate
stream-shift@1.0.0,MIT,https://github.com/mafintosh/stream-shift
strict-uri-encode@1.1.0,MIT,https://github.com/kevva/strict-uri-encode
strict-uri-encode@2.0.0,MIT,https://github.com/kevva/strict-uri-encode
string_decoder@0.10.31,MIT,https://github.com/rvagg/string_decoder
string_decoder@1.1.1,MIT,https://github.com/nodejs/string_decoder
stringstream@0.0.5,MIT,https://github.com/mhart/StringStream
stringstream@0.0.6,MIT,https://github.com/mhart/StringStream
string-width@1.0.2,MIT,https://github.com/sindresorhus/string-width
string-width@2.1.1,MIT,https://github.com/sindresorhus/string-width
string-width@3.1.0,MIT,https://github.com/sindresorhus/string-width
strip-ansi@3.0.1,MIT,https://github.com/chalk/strip-ansi
strip-ansi@4.0.0,MIT,https://github.com/chalk/strip-ansi
strip-ansi@5.2.0,MIT,https://github.com/chalk/strip-ansi
strip-bom@2.0.0,MIT,https://github.com/sindresorhus/strip-bom
strip-bom@3.0.0,MIT,https://github.com/sindresorhus/strip-bom
strip-eof@1.0.0,MIT,https://github.com/sindresorhus/strip-eof
strip-indent@1.0.1,MIT,https://github.com/sindresorhus/strip-indent
strip-indent@3.0.0,MIT,https://github.com/sindresorhus/strip-indent
strip-json-comments@2.0.1,MIT,https://github.com/sindresorhus/strip-json-comments
style-loader@0.13.2,MIT,https://github.com/webpack/style-loader
stylus@0.54.6,MIT,https://github.com/stylus/stylus
stylus-loader@2.5.1,MIT,https://github.com/shama/stylus-loader
stylus-loader@3.0.2,MIT,https://github.com/shama/stylus-loader
supports-color@2.0.0,MIT,https://github.com/chalk/supports-color
supports-color@3.2.3,MIT,https://github.com/chalk/supports-color
supports-color@4.5.0,MIT,https://github.com/chalk/supports-color
supports-color@5.4.0,MIT,https://github.com/chalk/supports-color
supports-color@5.5.0,MIT,https://github.com/chalk/supports-color
svgo@0.7.2,MIT,https://github.com/svg/svgo
symbol-observable@1.0.1,MIT,https://github.com/blesh/symbol-observable
symbol-observable@1.0.4,MIT,https://github.com/blesh/symbol-observable
tapable@0.2.9,MIT,https://github.com/webpack/tapable
tar@2.2.1,ISC,https://github.com/isaacs/node-tar
tar@2.2.2,ISC,https://github.com/isaacs/node-tar
tar@4.4.2,ISC,https://github.com/npm/node-tar
tar@6.1.0,ISC,https://github.com/npm/node-tar
temp@0.8.3,MIT,https://github.com/bruce/node-temp
term-size@1.2.0,MIT,https://github.com/sindresorhus/term-size
text-mask-addons@3.8.0,Unlicense,https://github.com/text-mask/text-mask
text-mask-core@5.1.2,Unlicense,https://github.com/text-mask/text-mask
text-table@0.2.0,MIT,https://github.com/substack/text-table
through@2.3.8,MIT,https://github.com/dominictarr/through
through2@2.0.1,MIT,https://github.com/rvagg/through2
through2@2.0.3,MIT,https://github.com/rvagg/through2
through2@2.0.5,MIT,https://github.com/rvagg/through2
thunky@1.0.3,MIT,https://github.com/mafintosh/thunky
timed-out@4.0.1,MIT,https://github.com/floatdrop/timed-out
timers-browserify@2.0.11,MIT,https://github.com/jryans/timers-browserify
time-stamp@1.1.0,MIT,https://github.com/jonschlinkert/time-stamp
time-stamp@2.2.0,MIT,https://github.com/jonschlinkert/time-stamp
tiny-relative-date@1.3.0,MIT,https://github.com/wildlyinaccurate/relative-date
tmp@0.0.24,MIT,https://github.com/raszi/node-tmp
tmp@0.0.30,MIT,https://github.com/raszi/node-tmp
tmp@0.0.31,MIT,https://github.com/raszi/node-tmp
to-array@0.1.4,MIT,https://github.com/Raynos/to-array
to-arraybuffer@1.0.1,MIT,https://github.com/jhiesey/to-arraybuffer
to-fast-properties@1.0.3,MIT,https://github.com/sindresorhus/to-fast-properties
toidentifier@1.0.0,MIT,https://github.com/component/toidentifier
to-object-path@0.3.0,MIT,https://github.com/jonschlinkert/to-object-path
toposort@1.0.7,MIT,https://github.com/marcelklehr/toposort
to-regex@3.0.2,MIT,https://github.com/jonschlinkert/to-regex
to-regex-range@2.1.1,MIT,https://github.com/micromatch/to-regex-range
tough-cookie@2.3.4,BSD-3-Clause,https://github.com/salesforce/tough-cookie
tough-cookie@2.4.3,BSD-3-Clause,https://github.com/salesforce/tough-cookie
tough-cookie@2.5.0,BSD-3-Clause,https://github.com/salesforce/tough-cookie
tree-kill@1.2.1,MIT,https://github.com/pkrumins/node-tree-kill
trim-newlines@1.0.0,MIT,https://github.com/sindresorhus/trim-newlines
trim-newlines@3.0.1,MIT,https://github.com/sindresorhus/trim-newlines
trim-right@1.0.1,MIT,https://github.com/sindresorhus/trim-right
true-case-path@1.0.3,Apache-2.0,https://github.com/barsh/true-case-path
tsconfig@6.0.0,MIT,https://github.com/TypeStrong/tsconfig
tsickle@0.2.6,MIT,https://github.com/angular/tsickle
tsickle@0.27.5,MIT,https://github.com/angular/tsickle
tslib@1.10.0,Apache-2.0,https://github.com/Microsoft/tslib
tslint@5.7.0,Apache-2.0,https://github.com/palantir/tslint
ts-node@3.2.2,MIT,https://github.com/TypeStrong/ts-node
tsutils@2.29.0,MIT,https://github.com/ajafff/tsutils
tty-browserify@0.0.0,MIT,https://github.com/substack/tty-browserify
tunnel-agent@0.6.0,Apache-2.0,https://github.com/mikeal/tunnel-agent
tweetnacl@0.14.5,Unlicense,https://github.com/dchest/tweetnacl-js
type@1.0.3,ISC,https://github.com/medikoo/type
type-check@0.3.2,MIT,https://github.com/gkz/type-check
typedarray@0.0.6,MIT,https://github.com/substack/typedarray
type-fest@0.18.1,(MIT OR CC0-1.0),https://github.com/sindresorhus/type-fest
type-fest@0.6.0,(MIT OR CC0-1.0),https://github.com/sindresorhus/type-fest
type-fest@0.8.1,(MIT OR CC0-1.0),https://github.com/sindresorhus/type-fest
type-is@1.6.18,MIT,https://github.com/jshttp/type-is
typescript@2.0.10,Apache-2.0,https://github.com/Microsoft/TypeScript
typescript@2.4.2,Apache-2.0,https://github.com/Microsoft/TypeScript
typescript@2.6.2,Apache-2.0,https://github.com/Microsoft/TypeScript
uglify-es@3.3.9,BSD-2-Clause,https://github.com/mishoo/UglifyJS2.git#harmony
uglify-js@2.3.6,BSD*,https://github.com/mishoo/UglifyJS2
uglify-js@2.8.29,BSD-2-Clause,https://github.com/mishoo/UglifyJS2
uglify-js@3.4.10,BSD-2-Clause,https://github.com/mishoo/UglifyJS2
uglifyjs-webpack-plugin@0.4.6,MIT,https://github.com/webpack-contrib/uglifyjs-webpack-plugin
uglifyjs-webpack-plugin@1.0.0,MIT,https://github.com/webpack-contrib/uglifyjs-webpack-plugin
uglifyjs-webpack-plugin@1.3.0,MIT,https://github.com/webpack-contrib/uglifyjs-webpack-plugin
uglify-to-browserify@1.0.2,MIT,https://github.com/ForbesLindesay/uglify-to-browserify
uid-number@0.0.6,ISC,https://github.com/isaacs/uid-number
ultron@1.0.2,MIT,https://github.com/unshiftio/ultron
umask@1.1.0,MIT,https://github.com/smikes/umask
union-value@1.0.1,MIT,https://github.com/jonschlinkert/union-value
uniq@1.0.1,MIT,https://github.com/mikolalysenko/uniq
uniqs@2.0.0,MIT,https://github.com/fgnass/uniqs
unique-filename@1.1.0,ISC,https://github.com/iarna/unique-filename
unique-filename@1.1.1,ISC,https://github.com/iarna/unique-filename
unique-slug@2.0.0,ISC,https://github.com/iarna/unique-slug
unique-slug@2.0.2,ISC,https://github.com/iarna/unique-slug
unique-string@1.0.0,MIT,https://github.com/sindresorhus/unique-string
universalify@0.1.2,MIT,https://github.com/RyanZim/universalify
unpipe@1.0.0,MIT,https://github.com/stream-utils/unpipe
unset-value@1.0.0,MIT,https://github.com/jonschlinkert/unset-value
unzip-response@2.0.1,MIT,https://github.com/sindresorhus/unzip-response
upath@1.1.2,MIT,https://github.com/anodynos/upath
update-notifier@2.5.0,BSD-2-Clause,https://github.com/yeoman/update-notifier
upper-case@1.1.3,MIT,https://github.com/blakeembrey/upper-case
uri-js@4.2.2,BSD-2-Clause,https://github.com/garycourt/uri-js
urix@0.1.0,MIT,https://github.com/lydell/urix
url@0.11.0,MIT,https://github.com/defunctzombie/node-url
url-loader@0.5.9,MIT,https://github.com/webpack/url-loader
url-loader@0.6.2,MIT,https://github.com/webpack-contrib/url-loader
url-parse@1.4.7,MIT,https://github.com/unshiftio/url-parse
url-parse-lax@1.0.0,MIT,https://github.com/sindresorhus/url-parse-lax
use@3.1.1,MIT,https://github.com/jonschlinkert/use
useragent@2.3.0,MIT,https://github.com/3rd-Eden/useragent
util@0.10.3,MIT,https://github.com/defunctzombie/node-util
util@0.11.1,MIT,https://github.com/defunctzombie/node-util
utila@0.4.0,MIT,https://github.com/AriaMinaei/utila
util-deprecate@1.0.2,MIT,https://github.com/TooTallNate/util-deprecate
util-extend@1.0.3,MIT,https://github.com/isaacs/util-extend
utils-merge@1.0.1,MIT,https://github.com/jaredhanson/utils-merge
uuid@2.0.3,MIT,https://github.com/defunctzombie/node-uuid
uuid@3.2.1,MIT,https://github.com/kelektiv/node-uuid
uuid@3.3.3,MIT,https://github.com/kelektiv/node-uuid
v8flags@3.1.3,MIT,https://github.com/gulpjs/v8flags
validate-npm-package-license@3.0.3,Apache-2.0,https://github.com/kemitchell/validate-npm-package-license.js
validate-npm-package-license@3.0.4,Apache-2.0,https://github.com/kemitchell/validate-npm-package-license.js
validate-npm-package-name@3.0.0,ISC,https://github.com/npm/validate-npm-package-name
vary@1.1.2,MIT,https://github.com/jshttp/vary
vendors@1.0.3,MIT,https://github.com/wooorm/vendors
verror@1.10.0,MIT,https://github.com/davepacheco/node-verror
vinyl@0.5.3,MIT,https://github.com/wearefractal/vinyl
vlq@0.2.3,MIT,https://github.com/Rich-Harris/vlq
vm-browserify@1.1.0,MIT,https://github.com/substack/vm-browserify
void-elements@2.0.1,MIT,https://github.com/hemanth/void-elements
walk-sync@0.2.7,MIT,https://github.com/joliss/node-walk-sync
watchpack@1.6.0,MIT,https://github.com/webpack/watchpack
wbuf@1.7.3,MIT,https://github.com/indutny/wbuf
wcwidth@1.0.1,MIT,https://github.com/timoxley/wcwidth
webdriver-js-extender@1.0.0,MIT,https://github.com/angular/webdriver-js-entender
webdriver-manager@12.1.6,MIT,https://github.com/angular/webdriver-manager
webpack@2.2.0,MIT,https://github.com/webpack/webpack
webpack@3.8.1,MIT,https://github.com/webpack/webpack
webpack-concat-plugin@1.4.0,ISC,https://github.com/hxlniada/webpack-concat-plugin
webpack-dev-middleware@1.12.2,MIT,https://github.com/webpack/webpack-dev-middleware
webpack-dev-server@2.2.0-rc.0,MIT,https://github.com/webpack/webpack-dev-server
webpack-dev-server@2.9.7,MIT,https://github.com/webpack/webpack-dev-server
webpack-merge@2.6.1,MIT,https://github.com/survivejs/webpack-merge
webpack-merge@4.2.1,MIT,https://github.com/survivejs/webpack-merge
webpack-sources@0.1.5,MIT,https://github.com/webpack/webpack-sources
webpack-sources@1.4.3,MIT,https://github.com/webpack/webpack-sources
webpack-subresource-integrity@1.3.2,MIT,https://github.com/waysact/webpack-subresource-integrity
websocket-driver@0.7.3,Apache-2.0,https://github.com/faye/websocket-driver-node
websocket-extensions@0.1.3,MIT,https://github.com/faye/websocket-extensions-node
when@3.6.4,MIT,https://github.com/cujojs/when
whet.extend@0.9.9,MIT,https://github.com/Meettya/whet.extend
which@1.3.0,ISC,https://github.com/isaacs/node-which
which@1.3.1,ISC,https://github.com/isaacs/node-which
which@2.0.2,ISC,https://github.com/isaacs/node-which
which-module@1.0.0,ISC,https://github.com/nexdrew/which-module
which-module@2.0.0,ISC,https://github.com/nexdrew/which-module
wide-align@1.1.3,ISC,https://github.com/iarna/wide-align
widest-line@2.0.0,MIT,https://github.com/sindresorhus/widest-line
window-size@0.1.0,MIT,https://github.com/jonschlinkert/window-size
wordwrap@0.0.2,MIT*,https://github.com/substack/node-wordwrap
wordwrap@0.0.3,MIT,https://github.com/substack/node-wordwrap
wordwrap@1.0.0,MIT,https://github.com/substack/node-wordwrap
word-wrap@1.2.3,MIT,https://github.com/jonschlinkert/word-wrap
worker-farm@1.6.0,MIT,https://github.com/rvagg/node-worker-farm
worker-farm@1.7.0,MIT,https://github.com/rvagg/node-worker-farm
wrap-ansi@2.1.0,MIT,https://github.com/chalk/wrap-ansi
wrap-ansi@5.1.0,MIT,https://github.com/chalk/wrap-ansi
wrappy@1.0.2,ISC,https://github.com/npm/wrappy
write-file-atomic@2.3.0,ISC,https://github.com/iarna/write-file-atomic
ws@1.1.2,MIT,https://github.com/websockets/ws
wtf-8@1.0.0,MIT,https://github.com/mathiasbynens/wtf-8.js
xdg-basedir@3.0.0,MIT,https://github.com/sindresorhus/xdg-basedir
xml2js@0.4.19,MIT,https://github.com/Leonidas-from-XIV/node-xml2js
xml2js@0.4.4,MIT,https://github.com/Leonidas-from-XIV/node-xml2js
xmlbuilder@9.0.7,MIT,https://github.com/oozcitak/xmlbuilder-js
xmldom@0.1.27,LGPL,https://github.com/jindw/xmldom
xmlhttprequest-ssl@1.5.3,MIT,https://github.com/mjwwit/node-XMLHttpRequest
xtend@4.0.1,MIT,https://github.com/Raynos/xtend
xtend@4.0.2,MIT,https://github.com/Raynos/xtend
y18n@3.2.1,ISC,https://github.com/yargs/y18n
y18n@4.0.0,ISC,https://github.com/yargs/y18n
yallist@2.1.2,ISC,https://github.com/isaacs/yallist
yallist@3.0.2,ISC,https://github.com/isaacs/yallist
yallist@4.0.0,ISC,https://github.com/isaacs/yallist
yargs@11.0.0,MIT,https://github.com/yargs/yargs
yargs@13.3.2,MIT,https://github.com/yargs/yargs
yargs@3.10.0,MIT,https://github.com/bcoe/yargs
yargs@6.6.0,MIT,https://github.com/yargs/yargs
yargs@8.0.2,MIT,https://github.com/yargs/yargs
yargs-parser@13.1.2,ISC,https://github.com/yargs/yargs-parser
yargs-parser@20.2.9,ISC,https://github.com/yargs/yargs-parser
yargs-parser@4.2.1,ISC,https://github.com/yargs/yargs-parser
yargs-parser@7.0.0,ISC,https://github.com/yargs/yargs-parser
yargs-parser@9.0.2,ISC,https://github.com/yargs/yargs-parser
yeast@0.1.2,MIT,https://github.com/unshiftio/yeast
yn@2.0.0,MIT,https://github.com/sindresorhus/yn
zone.js@0.7.8,MIT,https://github.com/angular/zone.js
zone.js@0.8.29,MIT,https://github.com/angular/zone.js